英国館,,,1,名詞,固有名詞,地域,一般,*,*,英国館,エイコクカン,エイコクカン,地域固有
室蘭市,,,1,名詞,固有名詞,地域,一般,*,*,室蘭市,ムロランシ,ムロランシ,地域固有
室蘭,,,5000,名詞,固有名詞,地域,一般,*,*,室蘭,ムロラン,ムロラン,地域固有
幕西町,,,1,名詞,固有名詞,地域,一般,*,*,幕西町,マクニシチョウ,マクニシチョウ,地域固有
幕西,,,1,名詞,固有名詞,地域,一般,*,*,幕西,マクニシ,マクニシ,地域固有
八幡神社,,,1,名詞,固有名詞,地域,一般,*,*,八幡神社,ハチマンジンジャ,ハチマンジンジャ,地域固有
室蘭ユースホステル,,,1,名詞,固有名詞,地域,一般,*,*,室蘭ユースホステル,ムロランユースホステル,ムロランユースホステル,地域固有
みゆき町,,,1,名詞,固有名詞,地域,一般,*,*,みゆき町,ミユキチョウ,ミユキチョウ,地域固有
室工大,,,1,名詞,固有名詞,地域,一般,*,*,室工大,ムロコウダイ,ムロコウダイ,地域固有
イタンキ浜,,,1,名詞,固有名詞,地域,一般,*,*,イタンキ浜,イタンキハマ,イタンキハマ,地域固有
イタンキ,,,1,名詞,固有名詞,地域,一般,*,*,イタンキ,イタンキ,イタンキ,地域固有
測量山,,,1,名詞,固有名詞,地域,一般,*,*,測量山,ソクリョウザン,ソクリョウザン,地域固有
輪西,,,1,名詞,固有名詞,地域,一般,*,*,輪西,ワニシ,ワニシ,地域固有
新日鐵住金,,,1,名詞,固有名詞,地域,一般,*,*,新日鐵住金,シンニッテツスミキン,シンニッテツスミキン,地域固有
市民会館,,,1,名詞,固有名詞,地域,一般,*,*,市民会館,シミンカイカン,シミンカイカン,地域固有
海霧,,,1,名詞,固有名詞,地域,一般,*,*,海霧,カイム,カイム,地域固有
地球岬,,,1,名詞,固有名詞,地域,一般,*,*,地球岬,チキュウミサキ,チキュウミサキ,地域固有
トッカリショ,,,1,名詞,固有名詞,地域,一般,*,*,トッカリショ,トッカリショ,トッカリショ,地域固有
母恋,,,1,名詞,固有名詞,地域,一般,*,*,母恋,ボコイ,ボコイ,地域固有
ふじとり,,,1,名詞,固有名詞,地域,一般,*,*,ふじとり,フジトリ,フジトリ,地域固有
輪西町,,,1,名詞,固有名詞,地域,一般,*,*,輪西町,ワニシチョウ,ワニシチョウ,地域固有
輪西駅,,,1,名詞,固有名詞,地域,一般,*,*,輪西駅,ワニシエキ,ワニシエキ,地域固有
東室蘭,,,1,名詞,固有名詞,地域,一般,*,*,東室蘭,ヒガシムロラン,ヒガシムロラン,地域固有
新日鐵,,,1,名詞,固有名詞,地域,一般,*,*,新日鐵,シンニッテツ,シンニッテツ,地域固有
輪西ワイン,,,1,名詞,固有名詞,地域,一般,*,*,輪西ワイン,ワニシワイン,ワニシワイン,地域固有
北京亭,,,1,名詞,固有名詞,地域,一般,*,*,北京亭,ペキンテイ,ペキンテイ,地域固有
中央町,,,1,名詞,固有名詞,地域,一般,*,*,中央町,チュウオウチョウ,チュウオウチョウ,地域固有
室蘭製麺,,,1,名詞,固有名詞,地域,一般,*,*,室蘭製麺,ムロランセイメン,ムロランセイメン,地域固有
中島,,,1,名詞,固有名詞,地域,一般,*,*,中島,ナカジマ,ナカジマ,地域固有
東室蘭駅,,,1,名詞,固有名詞,地域,一般,*,*,東室蘭駅,ヒガシムロランエキ,ヒガシムロランエキ,地域固有
室蘭商業高校,,,1,名詞,固有名詞,地域,一般,*,*,室蘭商業高校,ムロランショウギョウコウコウ,ムロランショウギョウコウコウ,地域固有
絵鞆半島,,,1,名詞,固有名詞,地域,一般,*,*,絵鞆半島,エトモハントウ,エトモハントウ,地域固有
鷲別岳,,,1,名詞,固有名詞,地域,一般,*,*,鷲別岳,ワシベツダケ,ワシベツダケ,地域固有
室蘭岳,,,1,名詞,固有名詞,地域,一般,*,*,室蘭岳,ムロランダケ,ムロランダケ,地域固有
日鋼,,,1,名詞,固有名詞,地域,一般,*,*,日鋼,ニッコウ,ニッコウ,地域固有
室蘭製鐵所,,,1,名詞,固有名詞,地域,一般,*,*,室蘭製鐵所,ムロランセイテツジョ,ムロランセイテツジョ,地域固有
中島町,,,1,名詞,固有名詞,地域,一般,*,*,中島町,ナカジマチョウ,ナカジマチョウ,地域固有
JR室蘭本線,,,1,名詞,固有名詞,地域,一般,*,*,JR室蘭本線,ジェイアールムロランホンセン,ジェイアールムロランホンセン,地域固有
室蘭本線,,,1,名詞,固有名詞,地域,一般,*,*,室蘭本線,ムロランホンセン,ムロランホンセン,地域固有
室蘭八景,,,1,名詞,固有名詞,地域,一般,*,*,室蘭八景,ムロランハッケイ,ムロランハッケイ,地域固有
金屏風,,,1,名詞,固有名詞,地域,一般,*,*,金屏風,キンビョウブ,キンビョウブ,地域固有
銀屏風,,,1,名詞,固有名詞,地域,一般,*,*,銀屏風,ギンビョウブ,ギンビョウブ,地域固有
大黒島,,,1,名詞,固有名詞,地域,一般,*,*,大黒島,ダイコクジマ,ダイコクジマ,地域固有
白鳥大橋,,,1,名詞,固有名詞,地域,一般,*,*,白鳥大橋,ハクチョウオオハシ,ハクチョウオオハシ,地域固有
室蘭港,,,1,名詞,固有名詞,地域,一般,*,*,室蘭港,ムロランコウ,ムロランコウ,地域固有
陣屋町,,,1,名詞,固有名詞,地域,一般,*,*,陣屋町,ジンヤチョウ,ジンヤチョウ,地域固有
陣屋,,,1,名詞,固有名詞,地域,一般,*,*,陣屋,ジンヤ,ジンヤ,地域固有
函館どっく,,,1,名詞,固有名詞,地域,一般,*,*,函館どっく,ハコダテドック,ハコダテドック,地域固有
楢崎造船,,,1,名詞,固有名詞,地域,一般,*,*,楢崎造船,ナラサキゾウセン,ナラサキゾウセン,地域固有
丸井さん,,,1,名詞,固有名詞,地域,一般,*,*,丸井さん,マルイサン,マルイサン,地域固有
八丁平展望台,,,1,名詞,固有名詞,地域,一般,*,*,八丁平展望台,ハッチョウダイラテンボウダイ,ハッチョウダイラテンボウダイ,地域固有
八丁平,,,1,名詞,固有名詞,地域,一般,*,*,八丁平,ハッチョウダイラ,ハッチョウダイラ,地域固有
白鳥湾,,,1,名詞,固有名詞,地域,一般,*,*,白鳥湾,ハクチョウワン,ハクチョウワン,地域固有
Marmelo,,,1,名詞,固有名詞,地域,一般,*,*,Marmelo,マルメロ,マルメロ,地域固有
マルメロ,,,1,名詞,固有名詞,地域,一般,*,*,マルメロ,マルメロ,マルメロ,地域固有
中島公園野球場,,,1,名詞,固有名詞,地域,一般,*,*,中島公園野球場,ナカジマコウエンヤキュウジョウ,ナカジマコウエンヤキュウジョウ,地域固有
中島公園,,,1,名詞,固有名詞,地域,一般,*,*,中島公園,ナカジマコウエン,ナカジマコウエン,地域固有
中島球場,,,1,名詞,固有名詞,地域,一般,*,*,中島球場,ナカジマキュウジョウ,ナカジマキュウジョウ,地域固有
室蘭工業大学,,,1,名詞,固有名詞,地域,一般,*,*,室蘭工業大学,ムロランコウギョウダイガク,ムロランコウギョウダイガク,地域固有
室蘭市体育協会,,,1,名詞,固有名詞,地域,一般,*,*,室蘭市体育協会,ムロランシタイイクキョウカイ,ムロランシタイイクキョウカイ,地域固有
ナニナニ製菓,,,1,名詞,固有名詞,地域,一般,*,*,ナニナニ製菓,ナニナニセイカ,ナニナニセイカ,地域固有
室蘭海岸,,,1,名詞,固有名詞,地域,一般,*,*,室蘭海岸,ムロランカイガン,ムロランカイガン,地域固有
チマイエピラ,,,1,名詞,固有名詞,地域,一般,*,*,チマイエピラ,チマイエピラ,チマイエピラ,地域固有
マスイチ浜,,,1,名詞,固有名詞,地域,一般,*,*,マスイチ浜,ハマ,ハマ,地域固有
マスイチ,,,1,名詞,固有名詞,地域,一般,*,*,マスイチ,マスイチ,マスイチ,地域固有
マスイ・チセ,,,1,名詞,固有名詞,地域,一般,*,*,マスイ・チセ,マスイチセ,マスイチセ,地域固有
知利別川,,,1,名詞,固有名詞,地域,一般,*,*,知利別川,チリベツガワ,チリベツガワ,地域固有
知利別,,,1,名詞,固有名詞,地域,一般,*,*,知利別,チリベツ,チリベツ,地域固有
グリーンホテル,,,1,名詞,固有名詞,地域,一般,*,*,グリーンホテル,グリーンホテル,グリーンホテル,地域固有
むろらんあやめ会,,,1,名詞,固有名詞,地域,一般,*,*,むろらんあやめ会,ムロランアヤメカイ,ムロランアヤメカイ,地域固有
室蘭あやめ会,,,1,名詞,固有名詞,地域,一般,*,*,室蘭あやめ会,ムロランアヤメカイ,ムロランアヤメカイ,地域固有
むろらんあやめまつり,,,1,名詞,固有名詞,地域,一般,*,*,むろらんあやめまつり,ムロランアヤメマツリ,ムロランアヤメマツリ,地域固有
合同庁舎,,,1,名詞,固有名詞,地域,一般,*,*,合同庁舎,ゴウドウチョウシャ,ゴウドウチョウシャ,地域固有
中央埠頭,,,1,名詞,固有名詞,地域,一般,*,*,中央埠頭,チュウオウフトウ,チュウオウフトウ,地域固有
沢町,,,1,名詞,固有名詞,地域,一般,*,*,沢町,サワチョウ,サワチョウ,地域固有
蘭亭,,,1,名詞,固有名詞,地域,一般,*,*,蘭亭,ランテイ,ランテイ,地域固有
天勝,,,1,名詞,固有名詞,地域,一般,*,*,天勝,テンカツ,テンカツ,地域固有
中央町商店街,,,1,名詞,固有名詞,地域,一般,*,*,中央町商店街,チュウオウチョウショウテンガイ,チュウオウチョウショウテンガイ,地域固有
伊達信用金庫,,,1,名詞,固有名詞,地域,一般,*,*,伊達信用金庫,ダテシンヨウキンコ,ダテシンヨウキンコ,地域固有
室蘭商工信用組合,,,1,名詞,固有名詞,地域,一般,*,*,室蘭商工信用組合,ムロランショウコウシンヨウクミアイ,ムロランショウコウシンヨウクミアイ,地域固有
草太郎,,,1,名詞,固有名詞,地域,一般,*,*,草太郎,クサタロウ,クサタロウ,地域固有
カレーラーメン,,,1,名詞,固有名詞,地域,一般,*,*,カレーラーメン,カレーラーメン,カレーラーメン,地域固有
揚げ草太郎,,,1,名詞,固有名詞,地域,一般,*,*,揚げ草太郎,アゲクサタロウ,アゲクサタロウ,地域固有
焼草太郎,,,1,名詞,固有名詞,地域,一般,*,*,焼草太郎,ヤキクサタロウ,ヤキクサタロウ,地域固有
大場もち,,,1,名詞,固有名詞,地域,一般,*,*,大場もち,オオバモチ,オオバモチ,地域固有
大場もち店,,,1,名詞,固有名詞,地域,一般,*,*,大場もち店,オオバモチテン,オオバモチテン,地域固有
鷲別漁港,,,1,名詞,固有名詞,地域,一般,*,*,鷲別漁港,ワシベツギョコウ,ワシベツギョコウ,地域固有
白老虎杖浜海岸,,,1,名詞,固有名詞,地域,一般,*,*,白老虎杖浜海岸,シラオイコジョウハマカイガン,シラオイコジョウハマカイガン,地域固有
白老,,,1,名詞,固有名詞,地域,一般,*,*,白老,シラオイ,シラオイ,地域固有
虎杖浜,,,1,名詞,固有名詞,地域,一般,*,*,虎杖浜,コジョウハマ,コジョウハマ,地域固有
幌別海岸,,,1,名詞,固有名詞,地域,一般,*,*,幌別海岸,ホロベツカイガン,ホロベツカイガン,地域固有
鷲別海岸,,,1,名詞,固有名詞,地域,一般,*,*,鷲別海岸,ワシベツカイガン,ワシベツカイガン,地域固有
浜町小路,,,1,名詞,固有名詞,地域,一般,*,*,浜町小路,ハマチョウコウジ,ハマチョウコウジ,地域固有
理容・美容わだ,,,1,名詞,固有名詞,地域,一般,*,*,理容・美容わだ,リヨウビヨウワダ,リヨウビヨウワダ,地域固有
わかさいも本舗,,,1,名詞,固有名詞,地域,一般,*,*,わかさいも本舗,ワカサイモホンポ,ワカサイモホンポ,地域固有
わかさいも,,,1,名詞,固有名詞,地域,一般,*,*,わかさいも,ワカサイモ,ワカサイモ,地域固有
室蘭駅,,,1,名詞,固有名詞,地域,一般,*,*,室蘭駅,ムロランエキ,ムロランエキ,地域固有
室蘭商業高等学校,,,1,名詞,固有名詞,地域,一般,*,*,室蘭商業高等学校,ムロランショウギョウコウトウガッコウ,ムロランショウギョウコウトウガッコウ,地域固有
北海道庁立室蘭商業学校,,,1,名詞,固有名詞,地域,一般,*,*,北海道庁立室蘭商業学校,ホッカイドウチョウリツムロランショウギョウコウコウ,ホッカイドウチョウリツムロランショウギョウコウコウ,地域固有
室商跡公園,,,1,名詞,固有名詞,地域,一般,*,*,室商跡公園,ムロショウアトコウエン,ムロショウアトコウエン,地域固有
武揚小学校,,,1,名詞,固有名詞,地域,一般,*,*,武揚小学校,ブヨウショウガッコウ,ブヨウショウガッコウ,地域固有
室蘭市立武揚小学校,,,1,名詞,固有名詞,地域,一般,*,*,室蘭市立武揚小学校,ムロランシリツブヨウショウガッコウ,ムロランシリツブヨウショウガッコウ,地域固有
栄町,,,1,名詞,固有名詞,地域,一般,*,*,栄町,サカエチョウ,サカエチョウ,地域固有
天沢小学校,,,1,名詞,固有名詞,地域,一般,*,*,天沢小学校,テンタクショウガッコウ,テンタクショウガッコウ,地域固有
室蘭市立天沢小学校,,,1,名詞,固有名詞,地域,一般,*,*,室蘭市立天沢小学校,ムロランシリツテンタクショウガッコウ,ムロランシリツテンタクショウガッコウ,地域固有
御前水町,,,1,名詞,固有名詞,地域,一般,*,*,御前水町,ゴゼンスイチョウ,ゴゼンスイチョウ,地域固有
御前水,,,1,名詞,固有名詞,地域,一般,*,*,御前水,ゴゼンスイ,ゴゼンスイ,地域固有
日の出町,,,1,名詞,固有名詞,地域,一般,*,*,日の出町,ヒノデチョウ,ヒノデチョウ,地域固有
日の出,,,1,名詞,固有名詞,地域,一般,*,*,日の出,ヒノデ,ヒノデ,地域固有
登別,,,1,名詞,固有名詞,地域,一般,*,*,登別,ノボリベツ,ノボリベツ,地域固有
鷲別港,,,1,名詞,固有名詞,地域,一般,*,*,鷲別港,ワシベツコウ,ワシベツコウ,地域固有
知利別小学校,,,1,名詞,固有名詞,地域,一般,*,*,知利別小学校,チリベツショウガッコウ,チリベツショウガッコウ,地域固有
室蘭市立知利別小学校,,,1,名詞,固有名詞,地域,一般,*,*,室蘭市立知利別小学校,ムロランシリツチリベツショウガッコウ,ムロランシリツチリベツショウガッコウ,地域固有
高平小学校,,,1,名詞,固有名詞,地域,一般,*,*,高平小学校,タカヒラショウガッコウ,タカヒラショウガッコウ,地域固有
室蘭市立高平小学校,,,1,名詞,固有名詞,地域,一般,*,*,室蘭市立高平小学校,ムロランシリツタカヒラショウガッコウ,ムロランシリツタカヒラショウガッコウ,地域固有
港北,,,1,名詞,固有名詞,地域,一般,*,*,港北,コウホク,コウホク,地域固有
港北町,,,1,名詞,固有名詞,地域,一般,*,*,港北町,コウホクチョウ,コウホクチョウ,地域固有
コイカクシ川,,,1,名詞,固有名詞,地域,一般,*,*,コイカクシ川,コイカクシガワ,コイカクシガワ,地域固有
なかよし橋,,,1,名詞,固有名詞,地域,一般,*,*,なかよし橋,ナカヨシバシ,ナカヨシバシ,地域固有
ドリームランド,,,1,名詞,固有名詞,地域,一般,*,*,ドリームランド,ドリームランド,ドリームランド,地域固有
本輪西小学校,,,1,名詞,固有名詞,地域,一般,*,*,本輪西小学校,モトワニシショウガッコウ,モトワニシショウガッコウ,地域固有
なかよし広場,,,1,名詞,固有名詞,地域,一般,*,*,なかよし広場,ナカヨシヒロバ,ナカヨシヒロバ,地域固有
蘭北小学校,,,1,名詞,固有名詞,地域,一般,*,*,蘭北小学校,ランポクショウガッコウ,ランポクショウガッコウ,地域固有
本室蘭小学校,,,1,名詞,固有名詞,地域,一般,*,*,本室蘭小学校,モトムロランショウガッコウ,モトムロランショウガッコウ,地域固有
室蘭市立本室蘭小学校,,,1,名詞,固有名詞,地域,一般,*,*,室蘭市立本室蘭小学校,ムロランシリツモトムロランショウガッコウ,ムロランシリツモトムロランショウガッコウ,地域固有
白鳥台,,,1,名詞,固有名詞,地域,一般,*,*,白鳥台,ハクチョウダイ,ハクチョウダイ,地域固有
三勝,,,1,名詞,固有名詞,地域,一般,*,*,三勝,サンカツ,サンカツ,地域固有
CREDO,,,1,名詞,固有名詞,地域,一般,*,*,CREDO,クレド,クレド,地域固有
クレド,,,1,名詞,固有名詞,地域,一般,*,*,クレド,クレド,クレド,地域固有
パン工房Run,,,1,名詞,固有名詞,地域,一般,*,*,パン工房Run,パンコウボウラン,パンコウボウラン,地域固有
若山町,,,1,名詞,固有名詞,地域,一般,*,*,若山町,ワカヤマチョウ,ワカヤマチョウ,地域固有
室蘭東翔高等学校,,,1,名詞,固有名詞,地域,一般,*,*,室蘭東翔高等学校,ムロラントウショウコウトウガッコウ,ムロラントウショウコウトウガッコウ,地域固有
北海道立室蘭東翔高等学校,,,1,名詞,固有名詞,地域,一般,*,*,北海道立室蘭東翔高等学校,ホッカイドウリツムロラントウショウコウトウガッコウ,ホッカイドウリツムロラントウショウコウトウガッコウ,地域固有
東翔高等学校,,,1,名詞,固有名詞,地域,一般,*,*,東翔高等学校,トウショウコウトウガッコウ,トウショウコウトウガッコウ,地域固有
東翔高校,,,1,名詞,固有名詞,地域,一般,*,*,東翔高校,トウショウコウコウ,トウショウコウコウ,地域固有
高砂町,,,1,名詞,固有名詞,地域,一般,*,*,高砂町,タカサゴチョウ,タカサゴチョウ,地域固有
高砂,,,1,名詞,固有名詞,地域,一般,*,*,高砂,タカサゴ,タカサゴ,地域固有
室蘭東高等学校,,,1,名詞,固有名詞,地域,一般,*,*,室蘭東高等学校,ムロランヒガシコウトウガッコウ,ムロランヒガシコウトウガッコウ,地域固有
長流川,,,1,名詞,固有名詞,地域,一般,*,*,長流川,サルガワ,サルガワ,地域固有
洞爺湖町,,,1,名詞,固有名詞,地域,一般,*,*,洞爺湖町,トウヤコチョウ,トウヤコチョウ,地域固有
月浦,,,1,名詞,固有名詞,地域,一般,*,*,月浦,ツキウラ,ツキウラ,地域固有
洞爺湖,,,1,名詞,固有名詞,地域,一般,*,*,洞爺湖,トウヤコ,トウヤコ,地域固有
有珠山,,,1,名詞,固有名詞,地域,一般,*,*,有珠山,ウスザン,ウスザン,地域固有
昭和新山,,,1,名詞,固有名詞,地域,一般,*,*,昭和新山,ショウワシンザン,ショウワシンザン,地域固有
シャンシャン共和国,,,1,名詞,固有名詞,地域,一般,*,*,シャンシャン共和国,シャンシャンキョウワコク,シャンシャンキョウワコク,地域固有
お元気広場,,,1,名詞,固有名詞,地域,一般,*,*,お元気広場,オゲンキヒロバ,オゲンキヒロバ,地域固有
室蘭港西3号埠頭,,,1,名詞,固有名詞,地域,一般,*,*,室蘭港西3号埠頭,ムロランコウニシサンゴウフトウ,ムロランコウニシサンゴウフトウ,地域固有
西3号埠頭,,,1,名詞,固有名詞,地域,一般,*,*,西3号埠頭,ニシサンゴウフトウ,ニシサンゴウフトウ,地域固有
小がね,,,1,名詞,固有名詞,地域,一般,*,*,小がね,コガネ,コガネ,地域固有
新生町,,,1,名詞,固有名詞,地域,一般,*,*,新生町,シンセイチョウ,シンセイチョウ,地域固有
絵鞆小学校,,,1,名詞,固有名詞,地域,一般,*,*,絵鞆小学校,エトモショウガッコウ,エトモショウガッコウ,地域固有
室蘭市立絵鞆小学校,,,1,名詞,固有名詞,地域,一般,*,*,室蘭市立絵鞆小学校,ムロランシリツエトモショウガッコウ,ムロランシリツエトモショウガッコウ,地域固有
祝津町,,,1,名詞,固有名詞,地域,一般,*,*,祝津町,シュクヅチョウ,シュクヅチョウ,地域固有
祝津,,,1,名詞,固有名詞,地域,一般,*,*,祝津,シュクヅ,シュクヅ,地域固有
絵鞆村,,,1,名詞,固有名詞,地域,一般,*,*,絵鞆村,エトモムラ,エトモムラ,地域固有
絵鞆,,,1,名詞,固有名詞,地域,一般,*,*,絵鞆,エトモ,エトモ,地域固有
常盤学校,,,1,名詞,固有名詞,地域,一般,*,*,常盤学校,トキワガッコウ,トキワガッコウ,地域固有
室蘭市立常盤小学校,,,1,名詞,固有名詞,地域,一般,*,*,室蘭市立常盤小学校,ムロランシリツトキワショウガッコウ,ムロランシリツトキワショウガッコウ,地域固有
常盤小学校,,,1,名詞,固有名詞,地域,一般,*,*,常盤小学校,トキワショウガッコウ,トキワショウガッコウ,地域固有
絵鞆尋常小学校,,,1,名詞,固有名詞,地域,一般,*,*,絵鞆尋常小学校,エトモジンジョウショウガッコウ,エトモジンジョウショウガッコウ,地域固有
桜が丘,,,1,名詞,固有名詞,地域,一般,*,*,桜が丘,サクラガオカ,サクラガオカ,地域固有
常盤,,,1,名詞,固有名詞,地域,一般,*,*,常盤,トキワ,トキワ,地域固有
武揚,,,1,名詞,固有名詞,地域,一般,*,*,武揚,ブヨウ,ブヨウ,地域固有
みなと小学校,,,1,名詞,固有名詞,地域,一般,*,*,みなと小学校,ミナトショウガッコウ,ミナトショウガッコウ,地域固有
港南中学校,,,1,名詞,固有名詞,地域,一般,*,*,港南中学校,コウナンチュウガッコウ,コウナンチュウガッコウ,地域固有
ヒュッテ,,,1,名詞,固有名詞,地域,一般,*,*,ヒュッテ,ヒュッテ,ヒュッテ,地域固有
ダンパラ公園,,,1,名詞,固有名詞,地域,一般,*,*,ダンパラ公園,ダンパラコウエン,ダンパラコウエン,地域固有
白鳥ヒュッテ,,,1,名詞,固有名詞,地域,一般,*,*,白鳥ヒュッテ,ハクチョウヒュッテ,ハクチョウヒュッテ,地域固有
ガンバリ岩,,,1,名詞,固有名詞,地域,一般,*,*,ガンバリ岩,ガンバリイワ,ガンバリイワ,地域固有
ダンパラスキー場,,,1,名詞,固有名詞,地域,一般,*,*,ダンパラスキー場,ダンパラスキージョウ,ダンパラスキージョウ,地域固有
水神社,,,1,名詞,固有名詞,地域,一般,*,*,水神社,ミズジンジャ,ミズジンジャ,地域固有
だんパラ,,,1,名詞,固有名詞,地域,一般,*,*,だんパラ,ダンパラ,ダンパラ,地域固有
室蘭岳山麓総合公園,,,1,名詞,固有名詞,地域,一般,*,*,室蘭岳山麓総合公園,ムロランダケサンロクソウゴウコウエン,ムロランダケサンロクソウゴウコウエン,地域固有
だんパラ公園,,,1,名詞,固有名詞,地域,一般,*,*,だんパラ公園,ダンパラコウエン,ダンパラコウエン,地域固有
室蘭リゾート開発株式会社,,,1,名詞,固有名詞,地域,一般,*,*,室蘭リゾート開発株式会社,ムロランリゾートカイハツカブシキガイシャ,ムロランリゾートカイハツカブシキガイシャ,地域固有
むろらん冬まつり,,,1,名詞,固有名詞,地域,一般,*,*,むろらん冬まつり,ムロランフユマツリ,ムロランフユマツリ,地域固有
だんパラ秋祭り,,,1,名詞,固有名詞,地域,一般,*,*,だんパラ秋祭り,ダンパラアキマツリ,ダンパラアキマツリ,地域固有
サンパワー３８０,,,1,名詞,固有名詞,地域,一般,*,*,サンパワー３８０,サンパワーサンハチマル,サンパワーサンハチマル,地域固有
だんパラスキー場,,,1,名詞,固有名詞,地域,一般,*,*,だんパラスキー場,ダンパラスキージョウ,ダンパラスキージョウ,地域固有
山の駅ロッジだんパラ,,,1,名詞,固有名詞,地域,一般,*,*,山の駅ロッジだんパラ,ヤマノエキロッジダンパラ,ヤマノエキロッジダンパラ,地域固有
ロッジだんパラ,,,1,名詞,固有名詞,地域,一般,*,*,ロッジだんパラ,ロッジダンパラ,ロッジダンパラ,地域固有
噴火湾,,,1,名詞,固有名詞,地域,一般,*,*,噴火湾,フンカワン,フンカワン,地域固有
香川町,,,1,名詞,固有名詞,地域,一般,*,*,香川町,カガワチョウ,カガワチョウ,地域固有
幸福の鐘,,,1,名詞,固有名詞,地域,一般,*,*,幸福の鐘,コウフクノカネ,コウフクノカネ,地域固有
新日鐵港北社宅,,,1,名詞,固有名詞,地域,一般,*,*,新日鐵港北社宅,シンニッテツコウホクシャタク,シンニッテツコウホクシャタク,地域固有
港北社宅,,,1,名詞,固有名詞,地域,一般,*,*,港北社宅,コウホクシャタク,コウホクシャタク,地域固有
さぎり湯,,,1,名詞,固有名詞,地域,一般,*,*,さぎり湯,サギリユ,サギリユ,地域固有
登別温泉街,,,1,名詞,固有名詞,地域,一般,*,*,登別温泉街,ノボリベツオンセンガイ,ノボリベツオンセンガイ,地域固有
日新小学校,,,1,名詞,固有名詞,地域,一般,*,*,日新小学校,ニッシンショウガッコウ,ニッシンショウガッコウ,地域固有
室蘭市立日新小学校,,,1,名詞,固有名詞,地域,一般,*,*,室蘭市立日新小学校,ムロランシリツニッシンショウガッコウ,ムロランシリツニッシンショウガッコウ,地域固有
中島本町,,,1,名詞,固有名詞,地域,一般,*,*,中島本町,ナカジマホンチョウ,ナカジマホンチョウ,地域固有
ひょうたん池,,,1,名詞,固有名詞,地域,一般,*,*,ひょうたん池,ヒョウタンイケ,ヒョウタンイケ,地域固有
市立室蘭水族館,,,1,名詞,固有名詞,地域,一般,*,*,市立室蘭水族館,シリツムロランスイゾクカン,シリツムロランスイゾクカン,地域固有
室蘭水族館,,,1,名詞,固有名詞,地域,一般,*,*,室蘭水族館,ムロランスイゾクカン,ムロランスイゾクカン,地域固有
室蘭観光協会,,,1,名詞,固有名詞,地域,一般,*,*,室蘭観光協会,ムロランカンコウキョウカイ,ムロランカンコウキョウカイ,地域固有
地球岬団地,,,1,名詞,固有名詞,地域,一般,*,*,地球岬団地,チキュウミサキダンチ,チキュウミサキダンチ,地域固有
絵鞆団地,,,1,名詞,固有名詞,地域,一般,*,*,絵鞆団地,エトモダンチ,エトモダンチ,地域固有
道央自動車道,,,1,名詞,固有名詞,地域,一般,*,*,道央自動車道,チュウオウジドウシャドウ,チュウオウジドウシャドウ,地域固有
白鳥新道,,,1,名詞,固有名詞,地域,一般,*,*,白鳥新道,ハクチョウシンドウ,ハクチョウシンドウ,地域固有
北海道新聞,,,1,名詞,固有名詞,地域,一般,*,*,北海道新聞,ホッカイドウシンブン,ホッカイドウシンブン,地域固有
赤ちゃんの駅,,,1,名詞,固有名詞,地域,一般,*,*,赤ちゃんの駅,アカチャンノエキ,アカチャンノエキ,地域固有
むろらん水族館,,,1,名詞,固有名詞,地域,一般,*,*,むろらん水族館,ムロランスイゾクカｎ,ムロランスイゾクカｎ,地域固有
浦島屋,,,1,名詞,固有名詞,地域,一般,*,*,浦島屋,ウラシマヤ,ウラシマヤ,地域固有
岡野商店,,,1,名詞,固有名詞,地域,一般,*,*,岡野商店,オカノショウテン,オカノショウテン,地域固有
祝津海岸,,,1,名詞,固有名詞,地域,一般,*,*,祝津海岸,シュクヅカイガン,シュクヅカイガン,地域固有
ユートピア牧場,,,1,名詞,固有名詞,地域,一般,*,*,ユートピア牧場,ユートピアボクジョウ,ユートピアボクジョウ,地域固有
上鷲別,,,1,名詞,固有名詞,地域,一般,*,*,上鷲別,カミワシベツ,カミワシベツ,地域固有
水元町,,,1,名詞,固有名詞,地域,一般,*,*,水元町,ミズモトチョウ,ミズモトチョウ,地域固有
水元,,,1,名詞,固有名詞,地域,一般,*,*,水元,ミズモト,ミズモト,地域固有
栗林商船,,,1,名詞,固有名詞,地域,一般,*,*,栗林商船,クリバヤシショウセン,クリバヤシショウセン,地域固有
室蘭競馬場,,,1,名詞,固有名詞,地域,一般,*,*,室蘭競馬場,ムロランケイバジョウ,ムロランケイバジョウ,地域固有
鷲別川,,,1,名詞,固有名詞,地域,一般,*,*,鷲別川,ワシベツガワ,ワシベツガワ,地域固有
母恋弘済保育園,,,1,名詞,固有名詞,地域,一般,*,*,母恋弘済保育園,ボコイコウサイホイクエン,ボコイコウサイホイクエン,地域固有
はだしっこ共同子供園,,,1,名詞,固有名詞,地域,一般,*,*,はだしっこ共同子供園,ハダシッコキョウドウコドモエン,ハダシッコキョウドウコドモエン,地域固有
本輪西,,,1,名詞,固有名詞,地域,一般,*,*,本輪西,モトワニシ,モトワニシ,地域固有
本輪西町,,,1,名詞,固有名詞,地域,一般,*,*,本輪西町,モトワニシチョウ,モトワニシチョウ,地域固有
幌萌町,,,1,名詞,固有名詞,地域,一般,*,*,幌萌町,ホロモエチョウ,ホロモエチョウ,地域固有
幌萌,,,1,名詞,固有名詞,地域,一般,*,*,幌萌,ホロモエ,ホロモエ,地域固有
壮瞥,,,1,名詞,固有名詞,地域,一般,*,*,壮瞥,ソウベツ,ソウベツ,地域固有
母恋小学校,,,1,名詞,固有名詞,地域,一般,*,*,母恋小学校,ボコイショウガッコウ,ボコイショウガッコウ,地域固有
室蘭市立母恋小学校,,,1,名詞,固有名詞,地域,一般,*,*,室蘭市立母恋小学校,ムロランシリツボコイショウガッコウ,ムロランシリツボコイショウガッコウ,地域固有
室蘭市役所,,,1,名詞,固有名詞,地域,一般,*,*,室蘭市役所,ムロランシヤクショ,ムロランシヤクショ,地域固有
幸町,,,1,名詞,固有名詞,地域,一般,*,*,幸町,サイワイチョウ,サイワイチョウ,地域固有
室蘭市役所広域センタービル庁舎,,,1,名詞,固有名詞,地域,一般,*,*,室蘭市役所広域センタービル庁舎,ムロランシヤクショコウイキセンタービルチョウシャ,ムロランシヤクショコウイキセンタービルチョウシャ,地域固有
広域センタービル庁舎,,,1,名詞,固有名詞,地域,一般,*,*,広域センタービル庁舎,コウイキセンタービルチョウシャ,コウイキセンタービルチョウシャ,地域固有
広域センタービル,,,1,名詞,固有名詞,地域,一般,*,*,広域センタービル,コウイキセンタービル,コウイキセンタービル,地域固有
海岸町,,,1,名詞,固有名詞,地域,一般,*,*,海岸町,カイガンチョウ,カイガンチョウ,地域固有
室蘭市役所分庁舎,,,1,名詞,固有名詞,地域,一般,*,*,室蘭市役所分庁舎,ムロランシヤクショブンチョウシャ,ムロランシヤクショブンチョウシャ,地域固有
港湾部庁舎,,,1,名詞,固有名詞,地域,一般,*,*,港湾部庁舎,コウワンブチョウシャ,コウワンブチョウシャ,地域固有
水道部庁舎,,,1,名詞,固有名詞,地域,一般,*,*,水道部庁舎,スイドウブチョウシャ,スイドウブチョウシャ,地域固有
寿町,,,1,名詞,固有名詞,地域,一般,*,*,寿町,コトブキチョウ,コトブキチョウ,地域固有
寿,,,1,名詞,固有名詞,地域,一般,*,*,寿,コトブキ,コトブキ,地域固有
総務部防災センター,,,1,名詞,固有名詞,地域,一般,*,*,総務部防災センター,ソウムブボウサイセンター,ソウムブボウサイセンター,地域固有
室蘭市総務部防災センター,,,1,名詞,固有名詞,地域,一般,*,*,室蘭市総務部防災センター,ムロランシソウムブボウサイセンター,ムロランシソウムブボウサイセンター,地域固有
東町,,,1,名詞,固有名詞,地域,一般,*,*,東町,ヒガシマチ,ヒガシマチ,地域固有
国際コミュニティセンター,,,1,名詞,固有名詞,地域,一般,*,*,国際コミュニティセンター,コクサイコミュニティセンター,コクサイコミュニティセンター,地域固有
消費生活センター,,,1,名詞,固有名詞,地域,一般,*,*,消費生活センター,ショウヒセイカツセンター,ショウヒセイカツセンター,地域固有
鳥辰,,,1,名詞,固有名詞,地域,一般,*,*,鳥辰,トリタツ,トリタツ,地域固有
鳥辰本店,,,1,名詞,固有名詞,地域,一般,*,*,鳥辰本店,トリタツホンテン,トリタツホンテン,地域固有
とりたつ,,,1,名詞,固有名詞,地域,一般,*,*,とりたつ,トリタツ,トリタツ,地域固有
室蘭焼き鳥,,,1,名詞,固有名詞,地域,一般,*,*,室蘭焼き鳥,ヤキトリ,ヤキトリ,地域固有
神代火葬場,,,1,名詞,固有名詞,地域,一般,*,*,神代火葬場,カミシロカソウジョウ,カミシロカソウジョウ,地域固有
神代町,,,1,名詞,固有名詞,地域,一般,*,*,神代町,カミシロチョウ,カミシロチョウ,地域固有
望洋台霊園,,,1,名詞,固有名詞,地域,一般,*,*,望洋台霊園,ボウヨウダイレイエン,ボウヨウダイレイエン,地域固有
御崎町,,,1,名詞,固有名詞,地域,一般,*,*,御崎町,ミサキチョウ,ミサキチョウ,地域固有
御崎,,,1,名詞,固有名詞,地域,一般,*,*,御崎,ミサキ,ミサキ,地域固有
公設地方卸売市場,,,1,名詞,固有名詞,地域,一般,*,*,公設地方卸売市場,コウセツチホウオロシウリシジョウ,コウセツチホウオロシウリシジョウ,地域固有
蘭東下水処理場,,,1,名詞,固有名詞,地域,一般,*,*,蘭東下水処理場,ラントウゲスイショリジョウ,ラントウゲスイショリジョウ,地域固有
学校給食センター,,,1,名詞,固有名詞,地域,一般,*,*,学校給食センター,ガッコウキュウショクセンター,ガッコウキュウショクセンター,地域固有
室蘭市消防本部,,,1,名詞,固有名詞,地域,一般,*,*,室蘭市消防本部,ムロランシショウボウホンブ,ムロランシショウボウホンブ,地域固有
室蘭市消防署,,,1,名詞,固有名詞,地域,一般,*,*,室蘭市消防署,ムロランシショウボウショ,ムロランシショウボウショ,地域固有
サンチャイルド,,,1,名詞,固有名詞,地域,一般,*,*,サンチャイルド,サンチャイルド,サンチャイルド,地域固有
札内町,,,1,名詞,固有名詞,地域,一般,*,*,札内町,サツナイチョウ,サツナイチョウ,地域固有
札内,,,1,名詞,固有名詞,地域,一般,*,*,札内,サツナイ,サツナイ,地域固有
登別酪農館,,,1,名詞,固有名詞,地域,一般,*,*,登別酪農館,ノボリベツラクノウカン,ノボリベツラクノウカン,地域固有
なかよし,,,1,名詞,固有名詞,地域,一般,*,*,なかよし,ナカヨシ,ナカヨシ,地域固有
入江臨海ビル,,,1,名詞,固有名詞,地域,一般,*,*,入江臨海ビル,イリエリンカイビル,イリエリンカイビル,地域固有
なみへいピザ,,,1,名詞,固有名詞,地域,一般,*,*,なみへいピザ,ナミヘイピザ,ナミヘイピザ,地域固有
虻田郡,,,1,名詞,固有名詞,地域,一般,*,*,虻田郡,アブタグン,アブタグン,地域固有
虻田,,,1,名詞,固有名詞,地域,一般,*,*,虻田,アブタ,アブタ,地域固有
豊浦町,,,1,名詞,固有名詞,地域,一般,*,*,豊浦町,トヨウラチョウ,トヨウラチョウ,地域固有
豊浦,,,1,名詞,固有名詞,地域,一般,*,*,豊浦,トヨウラ,トヨウラ,地域固有
東雲町,,,1,名詞,固有名詞,地域,一般,*,*,東雲町,シノノメチョウ,シノノメチョウ,地域固有
有珠山,,,1,名詞,固有名詞,地域,一般,*,*,有珠山,ウスザン,ウスザン,地域固有
とんてん館,,,1,名詞,固有名詞,地域,一般,*,*,とんてん館,トンテンカン,トンテンカン,地域固有
室蘭市立図書館,,,1,名詞,固有名詞,地域,一般,*,*,室蘭市立図書館,ムロランシリツトショカン,ムロランシリツトショカン,地域固有
ワニの会,,,1,名詞,固有名詞,地域,一般,*,*,ワニの会,ワニノカイ,ワニノカイ,地域固有
Nightlife,,,1,名詞,固有名詞,地域,一般,*,*,Nightlife,ナイトライフ,ナイトライフ,地域固有
味の大王,,,1,名詞,固有名詞,地域,一般,*,*,味の大王,アジノダイオウ,アジノダイオウ,地域固有
カレーラーメンの会,,,1,名詞,固有名詞,地域,一般,*,*,カレーラーメンの会,カレーラーメンノカイ,カレーラーメンノカイ,地域固有
追直,,,1,名詞,固有名詞,地域,一般,*,*,追直,オイナオシ,オイナオシ,地域固有
追直漁港,,,1,名詞,固有名詞,地域,一般,*,*,追直漁港,オイナオシギョコウ,オイナオシギョコウ,地域固有
Ｍランド,,,1,名詞,固有名詞,地域,一般,*,*,Ｍランド,エムランド,エムランド,地域固有
コーポ唐松平,,,1,名詞,固有名詞,地域,一般,*,*,コーポ唐松平,コーポカラマツヒラ,コーポカラマツヒラ,地域固有
増市浜,,,1,名詞,固有名詞,地域,一般,*,*,増市浜,マスイチハマ,マスイチハマ,地域固有
ローソク岩,,,1,名詞,固有名詞,地域,一般,*,*,ローソク岩,ローソクイワ,ローソクイワ,地域固有
まんじゅう山,,,1,名詞,固有名詞,地域,一般,*,*,まんじゅう山,マンジュウヤマ,マンジュウヤマ,地域固有
ローソク浜,,,1,名詞,固有名詞,地域,一般,*,*,ローソク浜,ローソクハマ,ローソクハマ,地域固有
ナカノゲンバ,,,1,名詞,固有名詞,地域,一般,*,*,ナカノゲンバ,ナカノゲンバ,ナカノゲンバ,地域固有
フンベエトゥル,,,1,名詞,固有名詞,地域,一般,*,*,フンベエトゥル,フンベエトゥル,フンベエトゥル,地域固有
ハルカラモイ,,,1,名詞,固有名詞,地域,一般,*,*,ハルカラモイ,ハルカラモイ,ハルカラモイ,地域固有
絵鞆岬,,,1,名詞,固有名詞,地域,一般,*,*,絵鞆岬,エトモミサキ,エトモミサキ,地域固有
絵鞆漁港,,,1,名詞,固有名詞,地域,一般,*,*,絵鞆漁港,エトモギョコウ,エトモギョコウ,地域固有
チャラツナイ,,,1,名詞,固有名詞,地域,一般,*,*,チャラツナイ,チャラツナイ,チャラツナイ,地域固有
蓬莱門,,,1,名詞,固有名詞,地域,一般,*,*,蓬莱門,ホウライモン,ホウライモン,地域固有
地球岬灯台,,,1,名詞,固有名詞,地域,一般,*,*,地球岬灯台,トウロウチキュウミサキトウダイ,トウロウチキュウミサキトウダイ,地域固有
幌萌大桜,,,1,名詞,固有名詞,地域,一般,*,*,幌萌大桜,ホロモエオオザクラ,ホロモエオオザクラ,地域固有
間嶋豆富店,,,1,名詞,固有名詞,地域,一般,*,*,間嶋豆富店,マジマトウフテン,マジマトウフテン,地域固有
輪西二条通り,,,1,名詞,固有名詞,地域,一般,*,*,輪西二条通り,ワニシニジョウドオリ,ワニシニジョウドオリ,地域固有
輪西二条通,,,1,名詞,固有名詞,地域,一般,*,*,輪西二条通,ワニシニジョウドオリ,ワニシニジョウドオリ,地域固有
百年豆富,,,1,名詞,固有名詞,地域,一般,*,*,百年豆富,ヒャクネンドウフ,ヒャクネンドウフ,地域固有
西胆振地域廃棄物広域処理施設,,,1,名詞,固有名詞,地域,一般,*,*,西胆振地域廃棄物広域処理施設,ニシイブリチイキハイキブツコウイキショリシセツ,ニシイブリチイキハイキブツコウイキショリシセツ,地域固有
メルトタワー21,,,1,名詞,固有名詞,地域,一般,*,*,メルトタワー21,メルトタワーニジュウイチ,メルトタワーニジュウイチ,地域固有
石川町,,,1,名詞,固有名詞,地域,一般,*,*,石川町,イシカワチョウ,イシカワチョウ,地域固有
西いぶり広域連合リサイクルプラザ,,,1,名詞,固有名詞,地域,一般,*,*,西いぶり広域連合リサイクルプラザ,ニシイブリコウイキレンゴウリサイクルプラザ,ニシイブリコウイキレンゴウリサイクルプラザ,地域固有
旧室蘭駅舎,,,1,名詞,固有名詞,地域,一般,*,*,旧室蘭駅舎,キュウムロランエキシャ,キュウムロランエキシャ,地域固有
臼井デパート,,,1,名詞,固有名詞,地域,一般,*,*,臼井デパート,ウスイデパート,ウスイデパート,地域固有
室蘭八幡神社,,,1,名詞,固有名詞,地域,一般,*,*,室蘭八幡神社,ムロランハチマンジンジャ,ムロランハチマンジンジャ,地域固有
室蘭産業会館,,,1,名詞,固有名詞,地域,一般,*,*,室蘭産業会館,ムロランサンギョウカイカン,ムロランサンギョウカイカン,地域固有
くじらん,,,1,名詞,固有名詞,地域,一般,*,*,くじらん,クジラン,クジラン,地域固有
ＭＵＲＡＴＡ,,,1,名詞,固有名詞,地域,一般,*,*,ＭＵＲＡＴＡ,ムラタ,ムラタ,地域固有
MURATA,,,1,名詞,固有名詞,地域,一般,*,*,MURATA,ムラタ,ムラタ,地域固有
お休み処ＭＵＲＡＴＡ,,,1,名詞,固有名詞,地域,一般,*,*,お休み処ＭＵＲＡＴＡ,オヤスミドコロムラタ,オヤスミドコロムラタ,地域固有
お休み処MURATA,,,1,名詞,固有名詞,地域,一般,*,*,お休み処MURATA,オヤスミドコロムラタ,オヤスミドコロムラタ,地域固有
装いの店むらた,,,1,名詞,固有名詞,地域,一般,*,*,装いの店むらた,ヨソオイノミセムラタ,ヨソオイノミセムラタ,地域固有
母恋北町,,,1,名詞,固有名詞,地域,一般,*,*,母恋北町,ボコイキタマチ,ボコイキタマチ,地域固有
母恋神社,,,1,名詞,固有名詞,地域,一般,*,*,母恋神社,ボコイジンジャ,ボコイジンジャ,地域固有
母恋南町,,,1,名詞,固有名詞,地域,一般,*,*,母恋南町,ボコイミナミマチ,ボコイミナミマチ,地域固有
母恋駅,,,1,名詞,固有名詞,地域,一般,*,*,母恋駅,ボコイエキ,ボコイエキ,地域固有
西いぶり広域連合最終処分場,,,1,名詞,固有名詞,地域,一般,*,*,西いぶり広域連合最終処分場,ニシイブリコウイキレンゴウサイシュウショブンジョウ,ニシイブリコウイキレンゴウサイシュウショブンジョウ,地域固有
崎守町の一本桜,,,1,名詞,固有名詞,地域,一般,*,*,崎守町の一本桜,サキモリノイッポンザクラ,サキモリノイッポンザクラ,地域固有
母恋会館,,,1,名詞,固有名詞,地域,一般,*,*,母恋会館,ボコイカイカン,ボコイカイカン,地域固有
中島会館,,,1,名詞,固有名詞,地域,一般,*,*,中島会館,ナカジマカイカン,ナカジマカイカン,地域固有
本輪西会館,,,1,名詞,固有名詞,地域,一般,*,*,本輪西会館,モトワニシカイカン,モトワニシカイカン,地域固有
中小企業センター,,,1,名詞,固有名詞,地域,一般,*,*,中小企業センター,チュウショウキギョウセンター,チュウショウキギョウセンター,地域固有
室蘭市女性センター,,,1,名詞,固有名詞,地域,一般,*,*,室蘭市女性センター,ムロランシジョセイセンター,ムロランシジョセイセンター,地域固有
室蘭市文化センター,,,1,名詞,固有名詞,地域,一般,*,*,室蘭市文化センター,ムロランシブンカセンター,ムロランシブンカセンター,地域固有
室蘭市市民会館,,,1,名詞,固有名詞,地域,一般,*,*,室蘭市市民会館,ムロランシシミンカイカン,ムロランシシミンカイカン,地域固有
地域交流センター,,,1,名詞,固有名詞,地域,一般,*,*,地域交流センター,チイキコウリュウセンター,チイキコウリュウセンター,地域固有
みたら室蘭,,,1,名詞,固有名詞,地域,一般,*,*,みたら室蘭,ミタラムロラン,ミタラムロラン,地域固有
みたら,,,1,名詞,固有名詞,地域,一般,*,*,みたら,ミタラ,ミタラ,地域固有
白鳥大橋記念館,,,1,名詞,固有名詞,地域,一般,*,*,白鳥大橋記念館,ハクチョウオオハシキネンカン,ハクチョウオオハシキネンカン,地域固有
港の文学館,,,1,名詞,固有名詞,地域,一般,*,*,港の文学館,ミナトノブンガクカン,ミナトノブンガクカン,地域固有
市立室蘭図書館,,,1,名詞,固有名詞,地域,一般,*,*,市立室蘭図書館,シリツムロラントショカン,シリツムロラントショカン,地域固有
わにの会,,,1,名詞,固有名詞,地域,一般,*,*,わにの会,ワニノカイ,ワニノカイ,地域固有
室蘭市体育館,,,1,名詞,固有名詞,地域,一般,*,*,室蘭市体育館,ムロランシタイイクカン,ムロランシタイイクカン,地域固有
宮の森町,,,1,名詞,固有名詞,地域,一般,*,*,宮の森町,ミヤノモリチョウ,ミヤノモリチョウ,地域固有
宮の森,,,1,名詞,固有名詞,地域,一般,*,*,宮の森,ミヤノモリ,ミヤノモリ,地域固有
入江運動公園陸上競技場,,,1,名詞,固有名詞,地域,一般,*,*,入江運動公園陸上競技場,イリエウンドウコウエンリクジョウキョウギジョウ,イリエウンドウコウエンリクジョウキョウギジョウ,地域固有
入江町,,,1,名詞,固有名詞,地域,一般,*,*,入江町,イリエチョウ,イリエチョウ,地域固有
入江,,,1,名詞,固有名詞,地域,一般,*,*,入江,イリエ,イリエ,地域固有
入江運動公園多目的運動広場,,,1,名詞,固有名詞,地域,一般,*,*,入江運動公園多目的運動広場,イリエウンドウコウエンタモクテキウンドウヒロバ,イリエウンドウコウエンタモクテキウンドウヒロバ,地域固有
入江運動公園芝生広場,,,1,名詞,固有名詞,地域,一般,*,*,入江運動公園芝生広場,イリエウンドウコウエンシバフヒロバ,イリエウンドウコウエンシバフヒロバ,地域固有
室蘭港エンルムマリーナ,,,1,名詞,固有名詞,地域,一般,*,*,室蘭港エンルムマリーナ,ムロランコウエンルムマリーナ,ムロランコウエンルムマリーナ,地域固有
地球岬展望台,,,1,名詞,固有名詞,地域,一般,*,*,地球岬展望台,チキュウミサキテンボウダイ,チキュウミサキテンボウダイ,地域固有
絵鞆岬展望台,,,1,名詞,固有名詞,地域,一般,*,*,絵鞆岬展望台,エトモミサキテンボウダイ,エトモミサキテンボウダイ,地域固有
白鳥湾展望台,,,1,名詞,固有名詞,地域,一般,*,*,白鳥湾展望台,ハクチョウワンテンボウダイ,ハクチョウワンテンボウダイ,地域固有
祝津公園展望台,,,1,名詞,固有名詞,地域,一般,*,*,祝津公園展望台,シュクヅコウエンテンボウダイ,シュクヅコウエンテンボウダイ,地域固有
潮見公園展望台,,,1,名詞,固有名詞,地域,一般,*,*,潮見公園展望台,シオミコウエンテンボウダイ,シオミコウエンテンボウダイ,地域固有
測量山展望台,,,1,名詞,固有名詞,地域,一般,*,*,測量山展望台,ソクリョウザンテンボウダイ,ソクリョウザンテンボウダイ,地域固有
マスイチ展望台,,,1,名詞,固有名詞,地域,一般,*,*,マスイチ展望台,マスイチテンボウダイ,マスイチテンボウダイ,地域固有
トッカリショ展望台,,,1,名詞,固有名詞,地域,一般,*,*,トッカリショ展望台,テンボウダイ,テンボウダイ,地域固有
白鳥大橋展望台,,,1,名詞,固有名詞,地域,一般,*,*,白鳥大橋展望台,ハクチョウオオハシテンボウダイ,ハクチョウオオハシテンボウダイ,地域固有
保健センター,,,1,名詞,固有名詞,地域,一般,*,*,保健センター,ホケンセンター,ホケンセンター,地域固有
市立室蘭総合病院,,,1,名詞,固有名詞,地域,一般,*,*,市立室蘭総合病院,シリツムロランソウゴウビョウイン,シリツムロランソウゴウビョウイン,地域固有
室蘭市社会福祉協議会,,,1,名詞,固有名詞,地域,一般,*,*,室蘭市社会福祉協議会,ムロランシシャカイフクシキョウギカイ,ムロランシシャカイフクシキョウギカイ,地域固有
室蘭福祉事業協会,,,1,名詞,固有名詞,地域,一般,*,*,室蘭福祉事業協会,ムロランフクシジギョウキョウカイ,ムロランフクシジギョウキョウカイ,地域固有
室蘭母子福祉会,,,1,名詞,固有名詞,地域,一般,*,*,室蘭母子福祉会,ムロランボシフクシカイ,ムロランボシフクシカイ,地域固有
室蘭市障害者福祉総合センター,,,1,名詞,固有名詞,地域,一般,*,*,室蘭市障害者福祉総合センター,ムロランシショウガイシャフクシソウゴウセンター,ムロランシショウガイシャフクシソウゴウセンター,地域固有
ぴあ216,,,1,名詞,固有名詞,地域,一般,*,*,ぴあ216,ピアニイチロク,ピアニイチロク,地域固有
子ども発達支援センター,,,1,名詞,固有名詞,地域,一般,*,*,子ども発達支援センター,コドモハッタツシエンセンター,コドモハッタツシエンセンター,地域固有
あいくる,,,1,名詞,固有名詞,地域,一般,*,*,あいくる,アイクル,アイクル,地域固有
室蘭市総合福祉センター,,,1,名詞,固有名詞,地域,一般,*,*,室蘭市総合福祉センター,ムロランシソウゴウフクシセンター,ムロランシソウゴウフクシセンター,地域固有
大川原脳神経外科病院,,,1,名詞,固有名詞,地域,一般,*,*,大川原脳神経外科病院,オオカワラノウシンケイゲカビョウイン,オオカワラノウシンケイゲカビョウイン,地域固有
上田病院,,,1,名詞,固有名詞,地域,一般,*,*,上田病院,ウエダビョウイン,ウエダビョウイン,地域固有
三村病院,,,1,名詞,固有名詞,地域,一般,*,*,三村病院,ミムラビョウイン,ミムラビョウイン,地域固有
室蘭太平洋病院,,,1,名詞,固有名詞,地域,一般,*,*,室蘭太平洋病院,ムロランタイヘイヨウビョウイン,ムロランタイヘイヨウビョウイン,地域固有
製鉄記念室蘭病院,,,1,名詞,固有名詞,地域,一般,*,*,製鉄記念室蘭病院,セイテツキネンムロランビョウイン,セイテツキネンムロランビョウイン,地域固有
日鋼記念病院,,,1,名詞,固有名詞,地域,一般,*,*,日鋼記念病院,ニッコウキネンビョウイン,ニッコウキネンビョウイン,地域固有
きのした内科クリニック,,,1,名詞,固有名詞,地域,一般,*,*,きのした内科クリニック,キノシタナイカクリニック,キノシタナイカクリニック,地域固有
市立室蘭みなと診療所,,,1,名詞,固有名詞,地域,一般,*,*,市立室蘭みなと診療所,シリツムロランミナトシンリョウジョ,シリツムロランミナトシンリョウジョ,地域固有
澤崎眼科,,,1,名詞,固有名詞,地域,一般,*,*,澤崎眼科,サワザキガンカ,サワザキガンカ,地域固有
鴨井整形外科医院,,,1,名詞,固有名詞,地域,一般,*,*,鴨井整形外科医院,カモイセイケイゲカイイン,カモイセイケイゲカイイン,地域固有
斎藤外科医院,,,1,名詞,固有名詞,地域,一般,*,*,斎藤外科医院,サイトウゲカイイン,サイトウゲカイイン,地域固有
鈴木内科,,,1,名詞,固有名詞,地域,一般,*,*,鈴木内科,スズキナイカ,スズキナイカ,地域固有
母恋内科クリニック,,,1,名詞,固有名詞,地域,一般,*,*,母恋内科クリニック,ボコイナイカクリニック,ボコイナイカクリニック,地域固有
大鹿耳鼻咽喉科医院,,,1,名詞,固有名詞,地域,一般,*,*,大鹿耳鼻咽喉科医院,オオシカジビインコウカイイン,オオシカジビインコウカイイン,地域固有
くがはら内科クリニック,,,1,名詞,固有名詞,地域,一般,*,*,くがはら内科クリニック,クガハラナイカクリニック,クガハラナイカクリニック,地域固有
ふじかね内科医院,,,1,名詞,固有名詞,地域,一般,*,*,ふじかね内科医院,フジカネナイカイイン,フジカネナイカイイン,地域固有
福永医院,,,1,名詞,固有名詞,地域,一般,*,*,福永医院,フクナガイイン,フクナガイイン,地域固有
勤医協室蘭診療所,,,1,名詞,固有名詞,地域,一般,*,*,勤医協室蘭診療所,キンイキョウムロランシンリョウジョ,キンイキョウムロランシンリョウジョ,地域固有
東室蘭サテライトクリニック,,,1,名詞,固有名詞,地域,一般,*,*,東室蘭サテライトクリニック,ヒガシムロランサテライトクリニック,ヒガシムロランサテライトクリニック,地域固有
東室蘭医院,,,1,名詞,固有名詞,地域,一般,*,*,東室蘭医院,ヒガシムロランイイン,ヒガシムロランイイン,地域固有
ひがしまち皮膚科クリニック,,,1,名詞,固有名詞,地域,一般,*,*,ひがしまち皮膚科クリニック,ヒガシマチヒフカクリニック,ヒガシマチヒフカクリニック,地域固有
有賀眼科医院,,,1,名詞,固有名詞,地域,一般,*,*,有賀眼科医院,アリガガンカイイン,アリガガンカイイン,地域固有
かみと耳鼻咽喉科クリニック,,,1,名詞,固有名詞,地域,一般,*,*,かみと耳鼻咽喉科クリニック,カミトジビインコウカクリニック,カミトジビインコウカクリニック,地域固有
神島整形外科医院,,,1,名詞,固有名詞,地域,一般,*,*,神島整形外科医院,カミシマセイケイゲカ,カミシマセイケイゲカ,地域固有
栗林眼科医院,,,1,名詞,固有名詞,地域,一般,*,*,栗林眼科医院,クリバヤシガンカイイン,クリバヤシガンカイイン,地域固有
いな川こどもクリニック,,,1,名詞,固有名詞,地域,一般,*,*,いな川こどもクリニック,イナガワコドモクリニック,イナガワコドモクリニック,地域固有
おぎのクリニック,,,1,名詞,固有名詞,地域,一般,*,*,おぎのクリニック,オギノクリニック,オギノクリニック,地域固有
室蘭こころのクリニック,,,1,名詞,固有名詞,地域,一般,*,*,室蘭こころのクリニック,ムロランココロノクリニック,ムロランココロノクリニック,地域固有
本庄医院,,,1,名詞,固有名詞,地域,一般,*,*,本庄医院,ホンジョウイイン,ホンジョウイイン,地域固有
かみしま医院,,,1,名詞,固有名詞,地域,一般,*,*,かみしま医院,カミシマイイン,カミシマイイン,地域固有
室蘭皮フ科クリニック,,,1,名詞,固有名詞,地域,一般,*,*,室蘭皮フ科クリニック,ムロランヒフカクリニック,ムロランヒフカクリニック,地域固有
さはら呼吸器内科クリニック,,,1,名詞,固有名詞,地域,一般,*,*,さはら呼吸器内科クリニック,サハラコキュウキナイカクリニック,サハラコキュウキナイカクリニック,地域固有
てつのまち整形外科クリニック,,,1,名詞,固有名詞,地域,一般,*,*,てつのまち整形外科クリニック,テツノマチセイケイゲカクリニック,テツノマチセイケイゲカクリニック,地域固有
サテライトクリニック知利別,,,1,名詞,固有名詞,地域,一般,*,*,サテライトクリニック知利別,サテライトクリニックチリベツ,サテライトクリニックチリベツ,地域固有
小野瀬整形外科,,,1,名詞,固有名詞,地域,一般,*,*,小野瀬整形外科,オノセセイケイゲカ,オノセセイケイゲカ,地域固有
森川内科医院,,,1,名詞,固有名詞,地域,一般,*,*,森川内科医院,モリカワナイカイイン,モリカワナイカイイン,地域固有
まつもと脳神経外科クリニック,,,1,名詞,固有名詞,地域,一般,*,*,まつもと脳神経外科クリニック,マツモトノウシンケイゲカクリニック,マツモトノウシンケイゲカクリニック,地域固有
あとう内科クリニック,,,1,名詞,固有名詞,地域,一般,*,*,あとう内科クリニック,アトウナイカクリニック,アトウナイカクリニック,地域固有
斎藤医院,,,1,名詞,固有名詞,地域,一般,*,*,斎藤医院,サイトウイイン,サイトウイイン,地域固有
野尻内科・消化器科クリニック,,,1,名詞,固有名詞,地域,一般,*,*,野尻内科・消化器科クリニック,ノジリナイカショウカキカクリニック,ノジリナイカショウカキカクリニック,地域固有
はざま小児科クリニック,,,1,名詞,固有名詞,地域,一般,*,*,はざま小児科クリニック,ハザマショウニカクリニック,ハザマショウニカクリニック,地域固有
サテライトクリニック高砂,,,1,名詞,固有名詞,地域,一般,*,*,サテライトクリニック高砂,サテライトクリニックタカサゴ,サテライトクリニックタカサゴ,地域固有
高砂産婦人科クリニック,,,1,名詞,固有名詞,地域,一般,*,*,高砂産婦人科クリニック,タカサゴサンフジンカクリニック,タカサゴサンフジンカクリニック,地域固有
西里内科循環器科医院,,,1,名詞,固有名詞,地域,一般,*,*,西里内科循環器科医院,ニシザトナイカジュンカンキカイイン,ニシザトナイカジュンカンキカイイン,地域固有
柳川内科医院,,,1,名詞,固有名詞,地域,一般,*,*,柳川内科医院,ヤナガワナイカイイン,ヤナガワナイカイイン,地域固有
あだち内科クリニック,,,1,名詞,固有名詞,地域,一般,*,*,あだち内科クリニック,アダチナイカクリニック,アダチナイカクリニック,地域固有
下地内科外科,,,1,名詞,固有名詞,地域,一般,*,*,下地内科外科,シモジナイカゲカ,シモジナイカゲカ,地域固有
いくた内科クリニック,,,1,名詞,固有名詞,地域,一般,*,*,いくた内科クリニック,イクタナイカクリニック,イクタナイカクリニック,地域固有
本輪西ファミリークリニック,,,1,名詞,固有名詞,地域,一般,*,*,本輪西ファミリークリニック,モトワニシファミリークリニック,モトワニシファミリークリニック,地域固有
白鳥台医院,,,1,名詞,固有名詞,地域,一般,*,*,白鳥台医院,ハクチョウダイイイン,ハクチョウダイイイン,地域固有
室蘭登別総合健診センター,,,1,名詞,固有名詞,地域,一般,*,*,室蘭登別総合健診センター,ムロランノボリベツソウゴウシンリョウセンター,ムロランノボリベツソウゴウシンリョウセンター,地域固有
新日本製鐵株式会社室蘭製鐵所健康管理センター,,,1,名詞,固有名詞,地域,一般,*,*,新日本製鐵株式会社室蘭製鐵所健康管理センター,シンニホンセイテツカブシキガイシャムロランセイテツショケンコウカンリセンター,シンニホンセイテツカブシキガイシャムロランセイテツショケンコウカンリセンター,地域固有
旧三菱合資会社室蘭出張所,,,1,名詞,固有名詞,地域,一般,*,*,旧三菱合資会社室蘭出張所,キュウミツビシゴウシガイシャムロランシュッチョウジョ,キュウミツビシゴウシガイシャムロランシュッチョウジョ,地域固有
トキカラモイ桟橋,,,1,名詞,固有名詞,地域,一般,*,*,トキカラモイ桟橋,トキカラモイサンバシ,トキカラモイサンバシ,地域固有
室蘭郡役所,,,1,名詞,固有名詞,地域,一般,*,*,室蘭郡役所,ムロラングンヤクショ,ムロラングンヤクショ,地域固有
旧三菱合資会社鉱山部,,,1,名詞,固有名詞,地域,一般,*,*,旧三菱合資会社鉱山部,キュウミツビシゴウシガイシャコウザンブ,キュウミツビシゴウシガイシャコウザンブ,地域固有
三菱鉱業,,,1,名詞,固有名詞,地域,一般,*,*,三菱鉱業,ミツビシコウギョウ,ミツビシコウギョウ,地域固有
三菱マテリアル,,,1,名詞,固有名詞,地域,一般,*,*,三菱マテリアル,ミツビシマテリアル,ミツビシマテリアル,地域固有
一般社団法人むろらん100年建造物保存活用,,,1,名詞,固有名詞,地域,一般,*,*,一般社団法人むろらん100年建造物保存活用,イッパンシャダンホウジンムロランヒャクネンケンゾウブツホゾンカツヨウ,イッパンシャダンホウジンムロランヒャクネンケンゾウブツホゾンカツヨウ,地域固有
むろらん100年建造物保存活用,,,1,名詞,固有名詞,地域,一般,*,*,むろらん100年建造物保存活用,ムロランヒャクネンケンゾウブツホゾンカツヨウ,ムロランヒャクネンケンゾウブツホゾンカツヨウ,地域固有
旧札幌通,,,1,名詞,固有名詞,地域,一般,*,*,旧札幌通,キュウサッポロドオリ,キュウサッポロドオリ,地域固有
札幌通,,,1,名詞,固有名詞,地域,一般,*,*,札幌通,サッポロドオリ,サッポロドオリ,地域固有
小公園,,,1,名詞,固有名詞,地域,一般,*,*,小公園,ショウコウエン,ショウコウエン,地域固有
室蘭プリンスホテル,,,1,名詞,固有名詞,地域,一般,*,*,室蘭プリンスホテル,ムロランプリンスホテル,ムロランプリンスホテル,地域固有
緑町,,,1,名詞,固有名詞,地域,一般,*,*,緑町,ミドリマチ,ミドリマチ,地域固有
ヤマコしらかわ,,,1,名詞,固有名詞,地域,一般,*,*,ヤマコしらかわ,ヤマコシラカワ,ヤマコシラカワ,地域固有
蘭西地区,,,1,名詞,固有名詞,地域,一般,*,*,蘭西地区,ランセイチク,ランセイチク,地域固有
札幌本道,,,1,名詞,固有名詞,地域,一般,*,*,札幌本道,サッポロホンドウ,サッポロホンドウ,地域固有
観光道路,,,1,名詞,固有名詞,地域,一般,*,*,観光道路,カンコウドウロ,カンコウドウロ,地域固有
新富町,,,1,名詞,固有名詞,地域,一般,*,*,新富町,シントミチョウ,シントミチョウ,地域固有
新富,,,1,名詞,固有名詞,地域,一般,*,*,新富,シントミ,シントミ,地域固有
チャラツナイ展望所,,,1,名詞,固有名詞,地域,一般,*,*,チャラツナイ展望所,チャラツナイテンボウジョ,チャラツナイテンボウジョ,地域固有
モトマリ,,,1,名詞,固有名詞,地域,一般,*,*,モトマリ,モトマリ,モトマリ,地域固有
松平,,,1,名詞,固有名詞,地域,一般,*,*,松平,マツダイラ,マツダイラ,地域固有
見晴団地,,,1,名詞,固有名詞,地域,一般,*,*,見晴団地,ミハラシダンチ,ミハラシダンチ,地域固有
母恋富士,,,1,名詞,固有名詞,地域,一般,*,*,母恋富士,ボコイフジ,ボコイフジ,地域固有
ゴジラ岩,,,1,名詞,固有名詞,地域,一般,*,*,ゴジラ岩,ゴジライワ,ゴジライワ,地域固有
烏帽子岩,,,1,名詞,固有名詞,地域,一般,*,*,烏帽子岩,エボシイワ,エボシイワ,地域固有
伊能橋,,,1,名詞,固有名詞,地域,一般,*,*,伊能橋,イノウバシ,イノウバシ,地域固有
本輪西駅,,,1,名詞,固有名詞,地域,一般,*,*,本輪西駅,モトワニシエキ,モトワニシエキ,地域固有
JX日鉱日石,,,1,名詞,固有名詞,地域,一般,*,*,JX日鉱日石,ジェイエックスニッコウニッセキ,ジェイエックスニッコウニッセキ,地域固有
栗林鋼機,,,1,名詞,固有名詞,地域,一般,*,*,栗林鋼機,クリバヤシコウキ,クリバヤシコウキ,地域固有
DEN,,,1,名詞,固有名詞,地域,一般,*,*,DEN,デン,デン,地域固有
ものづくり基盤センター,,,1,名詞,固有名詞,地域,一般,*,*,ものづくり基盤センター,モノヅクリキバンセンター,モノヅクリキバンセンター,地域固有
桜ヶ丘幼稚園,,,1,名詞,固有名詞,地域,一般,*,*,桜ヶ丘幼稚園,サクラガオカヨウチエン,サクラガオカヨウチエン,地域固有
ならの実学園,,,1,名詞,固有名詞,地域,一般,*,*,ならの実学園,ナラノミガクエン,ナラノミガクエン,地域固有
ヤヤン昆布,,,1,名詞,固有名詞,地域,一般,*,*,ヤヤン昆布,ヤヤンコンブ,ヤヤンコンブ,地域固有
GateM,,,1,名詞,固有名詞,地域,一般,*,*,GateM,ゲートエム,ゲートエム,地域固有
ゲートエム,,,1,名詞,固有名詞,地域,一般,*,*,ゲートエム,ゲートエム,ゲートエム,地域固有
青光舎,,,1,名詞,固有名詞,地域,一般,*,*,青光舎,セイコウシャ,セイコウシャ,地域固有
丸井の坂,,,1,名詞,固有名詞,地域,一般,*,*,丸井の坂,マルイノサカ,マルイノサカ,地域固有
丸井今井,,,1,名詞,固有名詞,地域,一般,*,*,丸井今井,マルイイマイ,マルイイマイ,地域固有
大町コロッケ,,,1,名詞,固有名詞,地域,一般,*,*,大町コロッケ,オオマチコロッケ,オオマチコロッケ,地域固有
大町,,,1,名詞,固有名詞,地域,一般,*,*,大町,オオマチ,オオマチ,地域固有
モルエラニの霧の中,,,1,名詞,固有名詞,地域,一般,*,*,モルエラニの霧の中,モルエラニノキリノナカ,モルエラニノキリノナカ,地域固有
水元小学校,,,1,名詞,固有名詞,地域,一般,*,*,水元小学校,ショウガッコウ,ショウガッコウ,地域固有
室蘭水元小学校,,,1,名詞,固有名詞,地域,一般,*,*,室蘭水元小学校,ムロランミズモトショウガッコウ,ムロランミズモトショウガッコウ,地域固有
文化女子大学室蘭短期大学,,,1,名詞,固有名詞,地域,一般,*,*,文化女子大学室蘭短期大学,ブンカジョシダイガクムロランタンキダイガク,ブンカジョシダイガクムロランタンキダイガク,地域固有
海星学院高校,,,1,名詞,固有名詞,地域,一般,*,*,海星学院高校,カイセイガクインコウコウ,カイセイガクインコウコウ,地域固有
聖ベネディクト女子高校,,,1,名詞,固有名詞,地域,一般,*,*,聖ベネディクト女子高校,セイベネディクトジョシコウコウ,セイベネディクトジョシコウコウ,地域固有
水元公営団地,,,1,名詞,固有名詞,地域,一般,*,*,水元公営団地,ミズモトコウエイダンチ,ミズモトコウエイダンチ,地域固有
室蘭市立みなと小学校,,,1,名詞,固有名詞,地域,一般,*,*,室蘭市立みなと小学校,ムロランシリツミナトショウガッコウ,ムロランシリツミナトショウガッコウ,地域固有
室蘭夜景見学バス,,,1,名詞,固有名詞,地域,一般,*,*,室蘭夜景見学バス,ムロランヤケイケンガクバス,ムロランヤケイケンガクバス,地域固有
道南バス,,,1,名詞,固有名詞,地域,一般,*,*,道南バス,ドウナンバス,ドウナンバス,地域固有
東町ターミナル,,,1,名詞,固有名詞,地域,一般,*,*,東町ターミナル,ヒガシマチターミナル,ヒガシマチターミナル,地域固有
室蘭劇場,,,1,名詞,固有名詞,地域,一般,*,*,室蘭劇場,ムロランゲキジョウ,ムロランゲキジョウ,地域固有
築地町,,,1,名詞,固有名詞,地域,一般,*,*,築地町,ツキジチョウ,ツキジチョウ,地域固有
室蘭信金,,,1,名詞,固有名詞,地域,一般,*,*,室蘭信金,ムロランシンキン,ムロランシンキン,地域固有
陣屋除雪ステーション,,,1,名詞,固有名詞,地域,一般,*,*,陣屋除雪ステーション,ジンヤジョセツステーション,ジンヤジョセツステーション,地域固有
中島小学校,,,1,名詞,固有名詞,地域,一般,*,*,中島小学校,ナカジマホウガッコウ,ナカジマホウガッコウ,地域固有
室蘭市立中島小学校,,,1,名詞,固有名詞,地域,一般,*,*,室蘭市立中島小学校,ムロランシリツナカジマショウガッコウ,ムロランシリツナカジマショウガッコウ,地域固有
中央町アーケード街,,,1,名詞,固有名詞,地域,一般,*,*,中央町アーケード街,チュウオウチョウアーケードガイ,チュウオウチョウアーケードガイ,地域固有
港湾青年倶楽部,,,1,名詞,固有名詞,地域,一般,*,*,港湾青年倶楽部,コウワンセイネンクラブ,コウワンセイネンクラブ,地域固有
港祭り,,,1,名詞,固有名詞,地域,一般,*,*,港祭り,ミナトマツリ,ミナトマツリ,地域固有
八幡神社祭,,,1,名詞,固有名詞,地域,一般,*,*,八幡神社祭,ハチマンジンジャサイ,ハチマンジンジャサイ,地域固有
母恋地球岬団地,,,1,名詞,固有名詞,地域,一般,*,*,母恋地球岬団地,ボコイチキュウミサキダンチ,ボコイチキュウミサキダンチ,地域固有
和紙の会,,,1,名詞,固有名詞,地域,一般,*,*,和紙の会,ワシノカイ,ワシノカイ,地域固有
中卯埠頭,,,1,名詞,固有名詞,地域,一般,*,*,中卯埠頭,ナカウフトウ,ナカウフトウ,地域固有
本輪西埠頭,,,1,名詞,固有名詞,地域,一般,*,*,本輪西埠頭,モトワニシフトウ,モトワニシフトウ,地域固有
室蘭村,,,1,名詞,固有名詞,地域,一般,*,*,室蘭村,ムロランムラ,ムロランムラ,地域固有
室蘭海関所,,,1,名詞,固有名詞,地域,一般,*,*,室蘭海関所,ムロランカイカンジョ,ムロランカイカンジョ,地域固有
稲川丸,,,1,名詞,固有名詞,地域,一般,*,*,稲川丸,イナガワマル,イナガワマル,地域固有
室蘭市立本輪西小学校,,,1,名詞,固有名詞,地域,一般,*,*,室蘭市立本輪西小学校,ムロランシリツモトワニシショウガッコウ,ムロランシリツモトワニシショウガッコウ,地域固有
白鳥の湯,,,1,名詞,固有名詞,地域,一般,*,*,白鳥の湯,ハクチョウノユ,ハクチョウノユ,地域固有
千歳浄水場,,,1,名詞,固有名詞,地域,一般,*,*,千歳浄水場,チトセジョウスイジョウ,チトセジョウスイジョウ,地域固有
登別川,,,1,名詞,固有名詞,地域,一般,*,*,登別川,ノボリベツガワ,ノボリベツガワ,地域固有
千歳水源,,,1,名詞,固有名詞,地域,一般,*,*,千歳水源,チトセスイゲン,チトセスイゲン,地域固有
チマイベツ浄水場,,,1,名詞,固有名詞,地域,一般,*,*,チマイベツ浄水場,チマイベツジョウスイジョウ,チマイベツジョウスイジョウ,地域固有
チマイベツ川,,,1,名詞,固有名詞,地域,一般,*,*,チマイベツ川,チマイベツガワ,チマイベツガワ,地域固有
ペトトル川,,,1,名詞,固有名詞,地域,一般,*,*,ペトトル川,ペトトルガワ,ペトトルガワ,地域固有
チマイベツ水源,,,1,名詞,固有名詞,地域,一般,*,*,チマイベツ水源,チマイベツスイゲン,チマイベツスイゲン,地域固有
ペトトル水源,,,1,名詞,固有名詞,地域,一般,*,*,ペトトル水源,ペトトルスイゲン,ペトトルスイゲン,地域固有
チマイベツ,,,1,名詞,固有名詞,地域,一般,*,*,チマイベツ,チマイベツ,チマイベツ,地域固有
ペトトル,,,1,名詞,固有名詞,地域,一般,*,*,ペトトル,ペトトル,ペトトル,地域固有
知利別浄水場,,,1,名詞,固有名詞,地域,一般,*,*,知利別浄水場,チリベツジョウスイジョウ,チリベツジョウスイジョウ,地域固有
泉町,,,1,名詞,固有名詞,地域,一般,*,*,泉町,イズミチョウ,イズミチョウ,地域固有
天沢,,,1,名詞,固有名詞,地域,一般,*,*,天沢,テンタク,テンタク,地域固有
清水,,,1,名詞,固有名詞,地域,一般,*,*,清水,シミズ,シミズ,地域固有
一の沢,,,1,名詞,固有名詞,地域,一般,*,*,一の沢,イチノサワ,イチノサワ,地域固有
二の沢,,,1,名詞,固有名詞,地域,一般,*,*,二の沢,ニノサワ,ニノサワ,地域固有
三の沢,,,1,名詞,固有名詞,地域,一般,*,*,三の沢,サンノサワ,サンノサワ,地域固有
ふれあい公園,,,1,名詞,固有名詞,地域,一般,*,*,ふれあい公園,フレアイコウエン,フレアイコウエン,地域固有
ホームストア,,,1,名詞,固有名詞,地域,一般,*,*,ホームストア,ホームストア,ホームストア,地域固有
本輪西サンショップ,,,1,名詞,固有名詞,地域,一般,*,*,本輪西サンショップ,モトワニシサンショップ,モトワニシサンショップ,地域固有
サンショップ,,,1,名詞,固有名詞,地域,一般,*,*,サンショップ,サンショップ,サンショップ,地域固有
かねかんTAKEUCHI,,,1,名詞,固有名詞,地域,一般,*,*,かねかんTAKEUCHI,カネカンタケウチ,カネカンタケウチ,地域固有
市橋歯科医院,,,1,名詞,固有名詞,地域,一般,*,*,市橋歯科医院,イチハシシカイイン,イチハシシカイイン,地域固有
栗林堂,,,1,名詞,固有名詞,地域,一般,*,*,栗林堂,クリバヤシドウ,クリバヤシドウ,地域固有
津田酒造,,,1,名詞,固有名詞,地域,一般,*,*,津田酒造,ツダシュゾウ,ツダシュゾウ,地域固有
栗林商店,,,1,名詞,固有名詞,地域,一般,*,*,栗林商店,クリバヤシショウテン,クリバヤシショウテン,地域固有
宮酒造,,,1,名詞,固有名詞,地域,一般,*,*,宮酒造,ミヤシュゾウ,ミヤシュゾウ,地域固有
小林醸造,,,1,名詞,固有名詞,地域,一般,*,*,小林醸造,コバヤシジョウゾウ,コバヤシジョウゾウ,地域固有
田中酒造,,,1,名詞,固有名詞,地域,一般,*,*,田中酒造,タナカシュゾウ,タナカシュゾウ,地域固有
金港サイダー,,,1,名詞,固有名詞,地域,一般,*,*,金港サイダー,キンコウサイダー,キンコウサイダー,地域固有
美園町,,,1,名詞,固有名詞,地域,一般,*,*,美園町,ミソノチョウ,ミソノチョウ,地域固有
日本工学院北海道専門学校,,,1,名詞,固有名詞,地域,一般,*,*,日本工学院北海道専門学校,ニホンコウガクインホッカイドウセンモンガッコウ,ニホンコウガクインホッカイドウセンモンガッコウ,地域固有
室蘭商工会議所,,,1,名詞,固有名詞,地域,一般,*,*,室蘭商工会議所,ムロランショウコウカイギショ,ムロランショウコウカイギショ,地域固有
八幡坂,,,1,名詞,固有名詞,地域,一般,*,*,八幡坂,ハチマンザカ,ハチマンザカ,地域固有
カクテルストリート～チェリー～,,,1,名詞,固有名詞,地域,一般,*,*,カクテルストリート～チェリー～,カクテルストリートチェリー,カクテルストリートチェリー,地域固有
すずらん通り商店街,,,1,名詞,固有名詞,地域,一般,*,*,すずらん通り商店街,スズランドオリショウテンガイ,スズランドオリショウテンガイ,地域固有
すずらん通り,,,1,名詞,固有名詞,地域,一般,*,*,すずらん通り,スズランドオリ,スズランドオリ,地域固有
室蘭通船乗り場,,,1,名詞,固有名詞,地域,一般,*,*,室蘭通船乗り場,ムロランツウセンノリバ,ムロランツウセンノリバ,地域固有
室蘭通船,,,1,名詞,固有名詞,地域,一般,*,*,室蘭通船,ムロランツウセン,ムロランツウセン,地域固有
アスリートカンパニー,,,1,名詞,固有名詞,地域,一般,*,*,アスリートカンパニー,アスリートカンパニー,アスリートカンパニー,地域固有
富士分団,,,1,名詞,固有名詞,地域,一般,*,*,富士分団,フジブンダｎ,フジブンダｎ,地域固有
室蘭ゴルフ倶楽部,,,1,名詞,固有名詞,地域,一般,*,*,室蘭ゴルフ倶楽部,ムロランゴルフクラブ,ムロランゴルフクラブ,地域固有
新日鐵三橋アパート,,,1,名詞,固有名詞,地域,一般,*,*,新日鐵三橋アパート,シンニッテツミツハシアパート,シンニッテツミツハシアパート,地域固有
鷲別岬,,,1,名詞,固有名詞,地域,一般,*,*,鷲別岬,ワシベツミサキ,ワシベツミサキ,地域固有
イタンキ岬,,,1,名詞,固有名詞,地域,一般,*,*,イタンキ岬,イタンキミサキ,イタンキミサキ,地域固有
輪西仲通り,,,1,名詞,固有名詞,地域,一般,*,*,輪西仲通り,ワニシナカドオリ,ワニシナカドオリ,地域固有
9条仲通り,,,1,名詞,固有名詞,地域,一般,*,*,9条仲通り,クジョウナカドオリ,クジョウナカドオリ,地域固有
社宅通り,,,1,名詞,固有名詞,地域,一般,*,*,社宅通り,シャタクドオリ,シャタクドオリ,地域固有
新日鐵体育館,,,1,名詞,固有名詞,地域,一般,*,*,新日鐵体育館,シンニッテツタイイクカン,シンニッテツタイイクカン,地域固有
てつのまち市場,,,1,名詞,固有名詞,地域,一般,*,*,てつのまち市場,テツノマチイチバ,テツノマチイチバ,地域固有
ギンザ薬局,,,1,名詞,固有名詞,地域,一般,*,*,ギンザ薬局,ギンザヤッキョク,ギンザヤッキョク,地域固有
入江精肉店,,,1,名詞,固有名詞,地域,一般,*,*,入江精肉店,イリエセイニクテン,イリエセイニクテン,地域固有
入江書店,,,1,名詞,固有名詞,地域,一般,*,*,入江書店,イリエショテン,イリエショテン,地域固有
御傘山神社,,,1,名詞,固有名詞,地域,一般,*,*,御傘山神社,ミカサヤマジンジャ,ミカサヤマジンジャ,地域固有
天澤泉,,,1,名詞,固有名詞,地域,一般,*,*,天澤泉,テンタクセン,テンタクセン,地域固有
東京室蘭会,,,1,名詞,固有名詞,地域,一般,*,*,東京室蘭会,トウキョウムロランカイ,トウキョウムロランカイ,地域固有
ふぉれすと鉱山,,,1,名詞,固有名詞,地域,一般,*,*,ふぉれすと鉱山,フォレストコウザン,フォレストコウザン,地域固有
モモンガくらぶ,,,1,名詞,固有名詞,地域,一般,*,*,モモンガくらぶ,モモンガクラブ,モモンガクラブ,地域固有
北海道船用品,,,1,名詞,固有名詞,地域,一般,*,*,北海道船用品,ホッカイドウフネヨウヒン,ホッカイドウフネヨウヒン,地域固有
若林金物店,,,1,名詞,固有名詞,地域,一般,*,*,若林金物店,ワカヤバシカナモノテン,ワカヤバシカナモノテン,地域固有
三ツ輪商会,,,1,名詞,固有名詞,地域,一般,*,*,三ツ輪商会,ミツワショウカイ,ミツワショウカイ,地域固有
三ツ輪商会倉庫,,,1,名詞,固有名詞,地域,一般,*,*,三ツ輪商会倉庫,ミツワショウカイソウコ,ミツワショウカイソウコ,地域固有
長谷川貿易ビル,,,1,名詞,固有名詞,地域,一般,*,*,長谷川貿易ビル,ハセガワボウエキビル,ハセガワボウエキビル,地域固有
北炭倶楽部,,,1,名詞,固有名詞,地域,一般,*,*,北炭倶楽部,ホクタンクラブ,ホクタンクラブ,地域固有
山口紙店,,,1,名詞,固有名詞,地域,一般,*,*,山口紙店,ヤマグチカミテン,ヤマグチカミテン,地域固有
多田薬局,,,1,名詞,固有名詞,地域,一般,*,*,多田薬局,タダヤッキョク,タダヤッキョク,地域固有
鈴木歯科,,,1,名詞,固有名詞,地域,一般,*,*,鈴木歯科,スズキシカ,スズキシカ,地域固有
小林洋服店,,,1,名詞,固有名詞,地域,一般,*,*,小林洋服店,コバヤシヨウフウテン,コバヤシヨウフウテン,地域固有
向井質店,,,1,名詞,固有名詞,地域,一般,*,*,向井質店,ムカイシチテン,ムカイシチテン,地域固有
向井質店石蔵,,,1,名詞,固有名詞,地域,一般,*,*,向井質店石蔵,ムカイシチテンイシグラ,ムカイシチテンイシグラ,地域固有
室蘭菱雄,,,1,名詞,固有名詞,地域,一般,*,*,室蘭菱雄,ムロランリョウユウ,ムロランリョウユウ,地域固有
北海屋,,,1,名詞,固有名詞,地域,一般,*,*,北海屋,ホッカイヤ,ホッカイヤ,地域固有
朝陽小学校,,,1,名詞,固有名詞,地域,一般,*,*,朝陽小学校,チョヨウショウガッコウ,チョヨウショウガッコウ,地域固有
室蘭市立朝陽小学校,,,1,名詞,固有名詞,地域,一般,*,*,室蘭市立朝陽小学校,ムロランシリツチョウヨウショウガッコウ,ムロランシリツチョウヨウショウガッコウ,地域固有
むろらんワークセンター岬,,,1,名詞,固有名詞,地域,一般,*,*,むろらんワークセンター岬,ムロランワークセンターミサキ,ムロランワークセンターミサキ,地域固有
崎守駅,,,1,名詞,固有名詞,地域,一般,*,*,崎守駅,サキモリエキ,サキモリエキ,地域固有
陣屋町駅,,,1,名詞,固有名詞,地域,一般,*,*,陣屋町駅,ジンヤチョウエキ,ジンヤチョウエキ,地域固有
崎守,,,1,名詞,固有名詞,地域,一般,*,*,崎守,サキモリ,サキモリ,地域固有
黄金,,,1,名詞,固有名詞,地域,一般,*,*,黄金,コガネ,コガネ,地域固有
入江公園,,,1,名詞,固有名詞,地域,一般,*,*,入江公園,イリエコウエン,イリエコウエン,地域固有
室蘭栄高校,,,1,名詞,固有名詞,地域,一般,*,*,室蘭栄高校,ムロランサカエコウコウ,ムロランサカエコウコウ,地域固有
室蘭署,,,1,名詞,固有名詞,地域,一般,*,*,室蘭署,ムロランショ,ムロランショ,地域固有
乃ざ喜,,,1,名詞,固有名詞,地域,一般,*,*,乃ざ喜,ノザキ,ノザキ,地域固有
肉鍋乃ざ喜,,,1,名詞,固有名詞,地域,一般,*,*,肉鍋乃ざ喜,ニクナベノザキ,ニクナベノザキ,地域固有
第二みその幼稚園,,,1,名詞,固有名詞,地域,一般,*,*,第二みその幼稚園,ダイニミソノヨウチエン,ダイニミソノヨウチエン,地域固有
蘭歴建見会,,,1,名詞,固有名詞,地域,一般,*,*,蘭歴建見会,ランレキケンケンカイ,ランレキケンケンカイ,地域固有
エンルム遺跡,,,1,名詞,固有名詞,地域,一般,*,*,エンルム遺跡,エンルムイセキ,エンルムイセキ,地域固有
茶津遺跡,,,1,名詞,固有名詞,地域,一般,*,*,茶津遺跡,チャツイセキ,チャツイセキ,地域固有
本輪西遺跡,,,1,名詞,固有名詞,地域,一般,*,*,本輪西遺跡,モトワニシイセキ,モトワニシイセキ,地域固有
陣屋遺跡,,,1,名詞,固有名詞,地域,一般,*,*,陣屋遺跡,ジンヤイセキ,ジンヤイセキ,地域固有
幌萌遺跡,,,1,名詞,固有名詞,地域,一般,*,*,幌萌遺跡,ホロモエイセキ,ホロモエイセキ,地域固有
八丁平遺跡,,,1,名詞,固有名詞,地域,一般,*,*,八丁平遺跡,ハッチョウダイライセキ,ハッチョウダイライセキ,地域固有
絵鞆貝塚,,,1,名詞,固有名詞,地域,一般,*,*,絵鞆貝塚,エトモカイヅカ,エトモカイヅカ,地域固有
中島町遺跡,,,1,名詞,固有名詞,地域,一般,*,*,中島町遺跡,ナカジマチョウイセキ,ナカジマチョウイセキ,地域固有
石川町遺跡,,,1,名詞,固有名詞,地域,一般,*,*,石川町遺跡,イシカワチョウイセキ,イシカワチョウイセキ,地域固有
緑ヶ丘遺跡,,,1,名詞,固有名詞,地域,一般,*,*,緑ヶ丘遺跡,ミドリガオカイセキ,ミドリガオカイセキ,地域固有
知利別遺跡,,,1,名詞,固有名詞,地域,一般,*,*,知利別遺跡,チリベツイセキ,チリベツイセキ,地域固有
トッカリショ遺跡,,,1,名詞,固有名詞,地域,一般,*,*,トッカリショ遺跡,トッカリショイセキ,トッカリショイセキ,地域固有
常盤遺跡,,,1,名詞,固有名詞,地域,一般,*,*,常盤遺跡,トキワイセキ,トキワイセキ,地域固有
高砂遺跡,,,1,名詞,固有名詞,地域,一般,*,*,高砂遺跡,タカサゴイセキ,タカサゴイセキ,地域固有
鷲別遺跡,,,1,名詞,固有名詞,地域,一般,*,*,鷲別遺跡,ワシベツイセキ,ワシベツイセキ,地域固有
水元遺跡,,,1,名詞,固有名詞,地域,一般,*,*,水元遺跡,ミズモトイセキ,ミズモトイセキ,地域固有
輪西遺跡,,,1,名詞,固有名詞,地域,一般,*,*,輪西遺跡,ワニシイセキ,ワニシイセキ,地域固有
イタンキペシボッケ遺跡,,,1,名詞,固有名詞,地域,一般,*,*,イタンキペシボッケ遺跡,イタンキペシボッケイセキ,イタンキペシボッケイセキ,地域固有
イタンキ洞穴遺跡,,,1,名詞,固有名詞,地域,一般,*,*,イタンキ洞穴遺跡,イタンキドウケツイセキ,イタンキドウケツイセキ,地域固有
エンルムポン遺跡,,,1,名詞,固有名詞,地域,一般,*,*,エンルムポン遺跡,エンルムポンイセキ,エンルムポンイセキ,地域固有
小橋内遺跡,,,1,名詞,固有名詞,地域,一般,*,*,小橋内遺跡,オハシナイイセキ,オハシナイイセキ,地域固有
大黒島遺跡,,,1,名詞,固有名詞,地域,一般,*,*,大黒島遺跡,ダイコクジマイセキ,ダイコクジマイセキ,地域固有
崎守遺跡,,,1,名詞,固有名詞,地域,一般,*,*,崎守遺跡,サキモリイセキ,サキモリイセキ,地域固有
舟見町遺跡,,,1,名詞,固有名詞,地域,一般,*,*,舟見町遺跡,フナミチョウイセキ,フナミチョウイセキ,地域固有
ハシナウスチャシ,,,1,名詞,固有名詞,地域,一般,*,*,ハシナウスチャシ,ハシナウスチャシ,ハシナウスチャシ,地域固有
増市遺跡,,,1,名詞,固有名詞,地域,一般,*,*,増市遺跡,マスイチイセキ,マスイチイセキ,地域固有
エンルムポンチャシ,,,1,名詞,固有名詞,地域,一般,*,*,エンルムポンチャシ,エンルムポンチャシ,エンルムポンチャシ,地域固有
絵鞆場所,,,1,名詞,固有名詞,地域,一般,*,*,絵鞆場所,エトモバショ,エトモバショ,地域固有
プロビデンス号,,,1,名詞,固有名詞,地域,一般,*,*,プロビデンス号,プロビデンスゴウ,プロビデンスゴウ,地域固有
ムロラン会所,,,1,名詞,固有名詞,地域,一般,*,*,ムロラン会所,ムロランカイショ,ムロランカイショ,地域固有
絵鞆神社,,,1,名詞,固有名詞,地域,一般,*,*,絵鞆神社,エトモジンジャ,エトモジンジャ,地域固有
サザムプトン号,,,1,名詞,固有名詞,地域,一般,*,*,サザムプトン号,サザムプトンゴウ,サザムプトンゴウ,地域固有
ペケレオタ,,,1,名詞,固有名詞,地域,一般,*,*,ペケレオタ,ペケレオタ,ペケレオタ,地域固有
満冏寺,,,1,名詞,固有名詞,地域,一般,*,*,満冏寺,マンケイジ,マンケイジ,地域固有
長鯨丸,,,1,名詞,固有名詞,地域,一般,*,*,長鯨丸,チョウゲイマル,チョウゲイマル,地域固有
モロラン陣屋,,,1,名詞,固有名詞,地域,一般,*,*,モロラン陣屋,モロランジンヤ,モロランジンヤ,地域固有
室蘭郡,,,1,名詞,固有名詞,地域,一般,*,*,室蘭郡,ムロラングン,ムロラングン,地域固有
官立室蘭病院,,,1,名詞,固有名詞,地域,一般,*,*,官立室蘭病院,カンリツムロランビョウイン,カンリツムロランビョウイン,地域固有
幡守神社,,,1,名詞,固有名詞,地域,一般,*,*,幡守神社,ハタモリジンジャ,ハタモリジンジャ,地域固有
丸山,,,1,名詞,固有名詞,地域,一般,*,*,丸山,マルヤマ,マルヤマ,地域固有
圓山神社,,,1,名詞,固有名詞,地域,一般,*,*,圓山神社,マルヤマジンジャ,マルヤマジンジャ,地域固有
電信浜,,,1,名詞,固有名詞,地域,一般,*,*,電信浜,デンシンハマ,デンシンハマ,地域固有
中嶋神社,,,1,名詞,固有名詞,地域,一般,*,*,中嶋神社,ナカシマジンジャ,ナカシマジンジャ,地域固有
新日本製鐵室蘭製鐵所,,,1,名詞,固有名詞,地域,一般,*,*,新日本製鐵室蘭製鐵所,シンニホンセイテツムロランセイテツショ,シンニホンセイテツムロランセイテツショ,地域固有
室蘭清水ケ丘高等学校,,,1,名詞,固有名詞,地域,一般,*,*,室蘭清水ケ丘高等学校,ムロランシミズガオカコウトウガッコウ,ムロランシミズガオカコウトウガッコウ,地域固有
チキウ岬灯台,,,1,名詞,固有名詞,地域,一般,*,*,チキウ岬灯台,チキウミサキトウダイ,チキウミサキトウダイ,地域固有
室蘭新道,,,1,名詞,固有名詞,地域,一般,*,*,室蘭新道,ムロランシンドウ,ムロランシンドウ,地域固有
白鳥台ニュータウン,,,1,名詞,固有名詞,地域,一般,*,*,白鳥台ニュータウン,ハクチョウダイニュータウン,ハクチョウダイニュータウン,地域固有
室蘭大谷高校,,,1,名詞,固有名詞,地域,一般,*,*,室蘭大谷高校,ムロランオオタニコウコウ,ムロランオオタニコウコウ,地域固有
長崎屋,,,1,名詞,固有名詞,地域,一般,*,*,長崎屋,ナガサキヤ,ナガサキヤ,地域固有
室蘭ファミリーデパート桐屋,,,1,名詞,固有名詞,地域,一般,*,*,室蘭ファミリーデパート桐屋,ムロランファミリーデパートキリヤ,ムロランファミリーデパートキリヤ,地域固有
桐屋,,,1,名詞,固有名詞,地域,一般,*,*,桐屋,キリヤ,キリヤ,地域固有
イタンキ浜海水浴場,,,1,名詞,固有名詞,地域,一般,*,*,イタンキ浜海水浴場,イタンキハマカイスイヨクジョウ,イタンキハマカイスイヨクジョウ,地域固有
鳴り砂,,,1,名詞,固有名詞,地域,一般,*,*,鳴り砂,ナリスナ,ナリスナ,地域固有
白鳥大橋パークゴルフ場,,,1,名詞,固有名詞,地域,一般,*,*,白鳥大橋パークゴルフ場,ハクチョウオオハシパークゴルフジョウ,ハクチョウオオハシパークゴルフジョウ,地域固有
東蝦夷地南部藩モロラン陣屋跡,,,1,名詞,固有名詞,地域,一般,*,*,東蝦夷地南部藩モロラン陣屋跡,ヒガシエゾチナンブハンモロランジンヤアト,ヒガシエゾチナンブハンモロランジンヤアト,地域固有
モルエ室蘭,,,1,名詞,固有名詞,地域,一般,*,*,モルエ室蘭,モルエムロラン,モルエムロラン,地域固有
室蘭市民美術館,,,1,名詞,固有名詞,地域,一般,*,*,室蘭市民美術館,ムロランシミンビジュツカン,ムロランシミンビジュツカン,地域固有
浜町アーケード,,,1,名詞,固有名詞,地域,一般,*,*,浜町アーケード,ハマチョウアーケード,ハマチョウアーケード,地域固有
むろらん広域センタービル,,,1,名詞,固有名詞,地域,一般,*,*,むろらん広域センタービル,ムロランコウイキセンタービル,ムロランコウイキセンタービル,地域固有
ラッパ森,,,1,名詞,固有名詞,地域,一般,*,*,ラッパ森,ラッパモリ,ラッパモリ,地域固有
川崎近海汽船,,,1,名詞,固有名詞,地域,一般,*,*,川崎近海汽船,カワサキキンカイキセン,カワサキキンカイキセン,地域固有
桜蘭中学校,,,1,名詞,固有名詞,地域,一般,*,*,桜蘭中学校,オウランチュウガッコウ,オウランチュウガッコウ,地域固有
室蘭市立桜蘭中学校,,,1,名詞,固有名詞,地域,一般,*,*,室蘭市立桜蘭中学校,ムロランシリツオウランチュウガッコウ,ムロランシリツオウランチュウガッコウ,地域固有
港北中学校,,,1,名詞,固有名詞,地域,一般,*,*,港北中学校,コウホクチュウガッコウ,コウホクチュウガッコウ,地域固有
室蘭市立港北中学校,,,1,名詞,固有名詞,地域,一般,*,*,室蘭市立港北中学校,ムロランシリツコウホクチュウガッコウ,ムロランシリツコウホクチュウガッコウ,地域固有
北辰中学校,,,1,名詞,固有名詞,地域,一般,*,*,北辰中学校,ホクシンチュウガッコウ,ホクシンチュウガッコウ,地域固有
室蘭市立北辰中学校,,,1,名詞,固有名詞,地域,一般,*,*,室蘭市立北辰中学校,ムロランシリツホクシンチュウガッコウ,ムロランシリツホクシンチュウガッコウ,地域固有
御前水中学校,,,1,名詞,固有名詞,地域,一般,*,*,御前水中学校,ゴゼンスイチュウガッコウ,ゴゼンスイチュウガッコウ,地域固有
室蘭市立御前水中学校,,,1,名詞,固有名詞,地域,一般,*,*,室蘭市立御前水中学校,ムロランシリツゴゼンスイショウガッコウ,ムロランシリツゴゼンスイショウガッコウ,地域固有
星蘭中学校,,,1,名詞,固有名詞,地域,一般,*,*,星蘭中学校,セイランチュウガッコウ,セイランチュウガッコウ,地域固有
室蘭市立星蘭中学校,,,1,名詞,固有名詞,地域,一般,*,*,室蘭市立星蘭中学校,ムロランシリツセイランチュウガッコウ,ムロランシリツセイランチュウガッコウ,地域固有
本室蘭中学校,,,1,名詞,固有名詞,地域,一般,*,*,本室蘭中学校,モトムロランチュウガッコウ,モトムロランチュウガッコウ,地域固有
室蘭市立本室蘭中学校,,,1,名詞,固有名詞,地域,一般,*,*,室蘭市立本室蘭中学校,ムロランシリツモトムロランチュウガッコウ,ムロランシリツモトムロランチュウガッコウ,地域固有
翔陽中学校,,,1,名詞,固有名詞,地域,一般,*,*,翔陽中学校,ショウヨウチュウガッコウ,ショウヨウチュウガッコウ,地域固有
室蘭市立翔陽中学校,,,1,名詞,固有名詞,地域,一般,*,*,室蘭市立翔陽中学校,ムロランシリツショウヨウチュウガッコウ,ムロランシリツショウヨウチュウガッコウ,地域固有
蘭東中学校,,,1,名詞,固有名詞,地域,一般,*,*,蘭東中学校,ラントウチュウガッコウ,ラントウチュウガッコウ,地域固有
室蘭市立蘭東中学校,,,1,名詞,固有名詞,地域,一般,*,*,室蘭市立蘭東中学校,ムロランシリツラントウチュウガッコウ,ムロランシリツラントウチュウガッコウ,地域固有
ほくと保育園,,,1,名詞,固有名詞,地域,一般,*,*,ほくと保育園,ホクトホイクショ,ホクトホイクショ,地域固有
北斗文化学園福祉会,,,1,名詞,固有名詞,地域,一般,*,*,北斗文化学園福祉会,ホクトブンカガクエンフクシカイ,ホクトブンカガクエンフクシカイ,地域固有
北斗文化学園,,,1,名詞,固有名詞,地域,一般,*,*,北斗文化学園,ホクトブンカガクエン,ホクトブンカガクエン,地域固有
北海道室蘭工業高等学校,,,1,名詞,固有名詞,地域,一般,*,*,北海道室蘭工業高等学校,ホッカイドウムロランコウギョウコウトウガッコウ,ホッカイドウムロランコウギョウコウトウガッコウ,地域固有
室蘭工業高校,,,1,名詞,固有名詞,地域,一般,*,*,室蘭工業高校,ムロランコウギョウコウコウ,ムロランコウギョウコウコウ,地域固有
喜門岱小学校,,,1,名詞,固有名詞,地域,一般,*,*,喜門岱小学校,キモンタイショウガッコウ,キモンタイショウガッコウ,地域固有
室蘭市立喜門岱小学校,,,1,名詞,固有名詞,地域,一般,*,*,室蘭市立喜門岱小学校,ムロランシリツキモンタイショウガッコウ,ムロランシリツキモンタイショウガッコウ,地域固有
地球岬小学校,,,1,名詞,固有名詞,地域,一般,*,*,地球岬小学校,チキュウミサキショウガッコウ,チキュウミサキショウガッコウ,地域固有
室蘭市立地球岬小学校,,,1,名詞,固有名詞,地域,一般,*,*,室蘭市立地球岬小学校,ムロランシリツチキュウミサキショウガッコウ,ムロランシリツチキュウミサキショウガッコウ,地域固有
草公園,,,1,名詞,固有名詞,地域,一般,*,*,草公園,クサコウエン,クサコウエン,地域固有
室蘭栄高等学校,,,1,名詞,固有名詞,地域,一般,*,*,室蘭栄高等学校,ムロランサカエコウトウガッコウ,ムロランサカエコウトウガッコウ,地域固有
北海道立室蘭栄高等学校,,,1,名詞,固有名詞,地域,一般,*,*,北海道立室蘭栄高等学校,ホッカイドウリツムロランサカエコウトウガッコウ,ホッカイドウリツムロランサカエコウトウガッコウ,地域固有
イオン室蘭店,,,1,名詞,固有名詞,地域,一般,*,*,イオン室蘭店,イオンムロランテン,イオンムロランテン,地域固有
室蘭フェリーターミナル,,,1,名詞,固有名詞,地域,一般,*,*,室蘭フェリーターミナル,ムロランフェリーターミナル,ムロランフェリーターミナル,地域固有
室蘭青少年科学館,,,1,名詞,固有名詞,地域,一般,*,*,室蘭青少年科学館,ムロランセイショウネンカガクカン,ムロランセイショウネンカガクカン,地域固有
登別こいのぼりマラソン,,,1,名詞,固有名詞,地域,一般,*,*,登別こいのぼりマラソン,ノボリベツコイノボリマラソン,ノボリベツコイノボリマラソン,地域固有
登別市子ども会育成連絡協議会,,,1,名詞,固有名詞,地域,一般,*,*,登別市子ども会育成連絡協議会,ノボリベツシコドモカイイクセイレンラクキョウギカイ,ノボリベツシコドモカイイクセイレンラクキョウギカイ,地域固有
登別市文化・スポーツ振興財団,,,1,名詞,固有名詞,地域,一般,*,*,登別市文化・スポーツ振興財団,ノボリベツシブンカスポーツシンコウザイダン,ノボリベツシブンカスポーツシンコウザイダン,地域固有
登別市体育協会,,,1,名詞,固有名詞,地域,一般,*,*,登別市体育協会,ノボリベツシタイイクキョウカイ,ノボリベツシタイイクキョウカイ,地域固有
登別市スポーツ推進委員会,,,1,名詞,固有名詞,地域,一般,*,*,登別市スポーツ推進委員会,ノボリベツシスポーツスイシンイインカイ,ノボリベツシスポーツスイシンイインカイ,地域固有
登別走ろう会,,,1,名詞,固有名詞,地域,一般,*,*,登別走ろう会,ノボリベツハシロウカイ,ノボリベツハシロウカイ,地域固有
NPO法人おにスポ,,,1,名詞,固有名詞,地域,一般,*,*,NPO法人おにスポ,エヌピーオーホウジンオニスポ,エヌピーオーホウジンオニスポ,地域固有
室蘭民報社,,,1,名詞,固有名詞,地域,一般,*,*,室蘭民報社,ムロランミンポウシャ,ムロランミンポウシャ,地域固有
登別市立幌別中学校,,,1,名詞,固有名詞,地域,一般,*,*,登別市立幌別中学校,ノボリベツシリツホロベツチュウガッコウ,ノボリベツシリツホロベツチュウガッコウ,地域固有
幌別中学校,,,1,名詞,固有名詞,地域,一般,*,*,幌別中学校,チュウガッコウ,チュウガッコウ,地域固有
つるつる屋,,,1,名詞,固有名詞,地域,一般,*,*,つるつる屋,ツルツルヤ,ツルツルヤ,地域固有
若草町,,,1,名詞,固有名詞,地域,一般,*,*,若草町,ワカクサチョウ,ワカクサチョウ,地域固有
若草,,,1,名詞,固有名詞,地域,一般,*,*,若草,ワカクサ,ワカクサ,地域固有
室蘭カレーラーメンの会,,,1,名詞,固有名詞,地域,一般,*,*,室蘭カレーラーメンの会,ムロランカレーラーメンノカイ,ムロランカレーラーメンノカイ,地域固有
伊達ハーフマラソン,,,1,名詞,固有名詞,地域,一般,*,*,伊達ハーフマラソン,ダテハーフマラソン,ダテハーフマラソン,地域固有
春の合宿村まつり実行委員会,,,1,名詞,固有名詞,地域,一般,*,*,春の合宿村まつり実行委員会,ハルノガッシュクムラマツリジッコウイインカイ,ハルノガッシュクムラマツリジッコウイインカイ,地域固有
北海道新聞社,,,1,名詞,固有名詞,地域,一般,*,*,北海道新聞社,ホッカイドウシンブンシャ,ホッカイドウシンブンシャ,地域固有
伊達市,,,1,名詞,固有名詞,地域,一般,*,*,伊達市,ダテシ,ダテシ,地域固有
伊達,,,1,名詞,固有名詞,地域,一般,*,*,伊達,ダテ,ダテ,地域固有
伊達市教育委員会,,,1,名詞,固有名詞,地域,一般,*,*,伊達市教育委員会,ダテシキョウイクイインカイ,ダテシキョウイクイインカイ,地域固有
NPO法人伊達市体育協会,,,1,名詞,固有名詞,地域,一般,*,*,NPO法人伊達市体育協会,エヌピーオーホウジンダテタイイクキョウカイ,エヌピーオーホウジンダテタイイクキョウカイ,地域固有
地域開発研究会,,,1,名詞,固有名詞,地域,一般,*,*,地域開発研究会,チイキカイハツケンキュウカイ,チイキカイハツケンキュウカイ,地域固有
伊達地区交通安全協会,,,1,名詞,固有名詞,地域,一般,*,*,伊達地区交通安全協会,ダテチクコウツウアンゼンキョウカイ,ダテチクコウツウアンゼンキョウカイ,地域固有
室蘭地方陸上競技協会,,,1,名詞,固有名詞,地域,一般,*,*,室蘭地方陸上競技協会,ムロランチホウリクジョウキョウギキョウカイ,ムロランチホウリクジョウキョウギキョウカイ,地域固有
牧家,,,1,名詞,固有名詞,地域,一般,*,*,牧家,ボッカ,ボッカ,地域固有
ナガワ,,,1,名詞,固有名詞,地域,一般,*,*,ナガワ,ナガワ,ナガワ,地域固有
大矢,,,1,名詞,固有名詞,地域,一般,*,*,大矢,オオヤ,オオヤ,地域固有
オオヤミート,,,1,名詞,固有名詞,地域,一般,*,*,オオヤミート,オオヤミート,オオヤミート,地域固有
伊達市建設協会,,,1,名詞,固有名詞,地域,一般,*,*,伊達市建設協会,ダテシケンセツキョウカイ,ダテシケンセツキョウカイ,地域固有
NPO法人だて観光協会,,,1,名詞,固有名詞,地域,一般,*,*,NPO法人だて観光協会,エヌピーオーホウジンダテカンコウキョウカイ,エヌピーオーホウジンダテカンコウキョウカイ,地域固有
伊達観光物産公社,,,1,名詞,固有名詞,地域,一般,*,*,伊達観光物産公社,ダテカンコウブッサンコウシャ,ダテカンコウブッサンコウシャ,地域固有
幸清会,,,1,名詞,固有名詞,地域,一般,*,*,幸清会,コウセイカイ,コウセイカイ,地域固有
陵雲厚生会,,,1,名詞,固有名詞,地域,一般,*,*,陵雲厚生会,リョウウンコウセイカイ,リョウウンコウセイカイ,地域固有
伊達温泉,,,1,名詞,固有名詞,地域,一般,*,*,伊達温泉,ダテオンセン,ダテオンセン,地域固有
湯元名水亭,,,1,名詞,固有名詞,地域,一般,*,*,湯元名水亭,ユモトメイスイテ,ユモトメイスイテ,地域固有
壮瞥町商工会,,,1,名詞,固有名詞,地域,一般,*,*,壮瞥町商工会,ソウベツチョウショウコウカイ,ソウベツチョウショウコウカイ,地域固有
網代町商店街振興組合,,,1,名詞,固有名詞,地域,一般,*,*,網代町商店街振興組合,アジロチョウショウテンガイシンコウクミアイ,アジロチョウショウテンガイシンコウクミアイ,地域固有
伊達青年会議所,,,1,名詞,固有名詞,地域,一般,*,*,伊達青年会議所,ダダテセイネンカイギショ,ダダテセイネンカイギショ,地域固有
噴火湾考古学研究会,,,1,名詞,固有名詞,地域,一般,*,*,噴火湾考古学研究会,フンカワンコウコガクケンキュウカイ,フンカワンコウコガクケンキュウカイ,地域固有
伊達写真連盟,,,1,名詞,固有名詞,地域,一般,*,*,伊達写真連盟,ダテシャシンレンメイ,ダテシャシンレンメイ,地域固有
日本道路,,,1,名詞,固有名詞,地域,一般,*,*,日本道路,ニッポンドウロ,ニッポンドウロ,地域固有
北斗警備,,,1,名詞,固有名詞,地域,一般,*,*,北斗警備,ホクトケイビ,ホクトケイビ,地域固有
室蘭ビル管理,,,1,名詞,固有名詞,地域,一般,*,*,室蘭ビル管理,ムロランビルカンリ,ムロランビルカンリ,地域固有
室蘭サイクリング協会,,,1,名詞,固有名詞,地域,一般,*,*,室蘭サイクリング協会,ムロランサイクリングキョウカイ,ムロランサイクリングキョウカイ,地域固有
はやぶさ号,,,1,名詞,固有名詞,地域,一般,*,*,はやぶさ号,ハヤブサゴウ,ハヤブサゴウ,地域固有
市民活動センター,,,1,名詞,固有名詞,地域,一般,*,*,市民活動センター,シミカツドウセンター,シミカツドウセンター,地域固有
室蘭市市民活動センター,,,1,名詞,固有名詞,地域,一般,*,*,室蘭市市民活動センター,ムロランシシミンカツドウセンター,ムロランシシミンカツドウセンター,地域固有
ポートロビーいりえ,,,1,名詞,固有名詞,地域,一般,*,*,ポートロビーいりえ,ポートロビーイリエ,ポートロビーイリエ,地域固有
夢うさぎ,,,1,名詞,固有名詞,地域,一般,*,*,夢うさぎ,ユメウサギ,ユメウサギ,地域固有
中島五番街新地,,,1,名詞,固有名詞,地域,一般,*,*,中島五番街新地,ナカジマゴバンガイシンチ,ナカジマゴバンガイシンチ,地域固有
電信浜海水浴場,,,1,名詞,固有名詞,地域,一般,*,*,電信浜海水浴場,デンシンハマカイスイヨクジョウ,デンシンハマカイスイヨクジョウ,地域固有
電信浜運営委員会,,,1,名詞,固有名詞,地域,一般,*,*,電信浜運営委員会,デンシンハマウンエイイインカイ,デンシンハマウンエイイインカイ,地域固有
緑街1号線,,,1,名詞,固有名詞,地域,一般,*,*,緑街1号線,ミドリマチイチゴウセン,ミドリマチイチゴウセン,地域固有
八丁平中央通,,,1,名詞,固有名詞,地域,一般,*,*,八丁平中央通,ハッチョウダイラチュウオウドオリ,ハッチョウダイラチュウオウドオリ,地域固有
室商会館,,,1,名詞,固有名詞,地域,一般,*,*,室商会館,ムロショウカイカン,ムロショウカイカン,地域固有
緑道2号線,,,1,名詞,固有名詞,地域,一般,*,*,緑道2号線,リョクドウニコウセン,リョクドウニコウセン,地域固有
遊歩道桜公園,,,1,名詞,固有名詞,地域,一般,*,*,遊歩道桜公園,ユウホドウサクラコウエン,ユウホドウサクラコウエン,地域固有
唐松平,,,1,名詞,固有名詞,地域,一般,*,*,唐松平,カラマツダイラ,カラマツダイラ,地域固有
唐松平下,,,1,名詞,固有名詞,地域,一般,*,*,唐松平下,カラマツダイラシタ,カラマツダイラシタ,地域固有
登別温泉,,,1,名詞,固有名詞,地域,一般,*,*,登別温泉,ノボリベツオンセン,ノボリベツオンセン,地域固有
新日鐵住金球場,,,1,名詞,固有名詞,地域,一般,*,*,新日鐵住金球場,シンニッテツスミキンキュウジョウ,シンニッテツスミキンキュウジョウ,地域固有
輪西九条通,,,1,名詞,固有名詞,地域,一般,*,*,輪西九条通,ワニシクジョウドオリ,ワニシクジョウドオリ,地域固有
東洋軒,,,1,名詞,固有名詞,地域,一般,*,*,東洋軒,トウヨウケン,トウヨウケン,地域固有
とり金,,,1,名詞,固有名詞,地域,一般,*,*,とり金,トリキン,トリキン,地域固有
久礼居土留,,,1,名詞,固有名詞,地域,一般,*,*,久礼居土留,クレイドル,クレイドル,地域固有
清水沢,,,1,名詞,固有名詞,地域,一般,*,*,清水沢,シミズサワ,シミズサワ,地域固有
大沢町,,,1,名詞,固有名詞,地域,一般,*,*,大沢町,オオサワチョウ,オオサワチョウ,地域固有
大沢,,,1,名詞,固有名詞,地域,一般,*,*,大沢,オオサワ,オオサワ,地域固有
ハンサム食堂,,,1,名詞,固有名詞,地域,一般,*,*,ハンサム食堂,ハンサムショクドウ,ハンサムショクドウ,地域固有
伊達中学校,,,1,名詞,固有名詞,地域,一般,*,*,伊達中学校,ダテチュウガッコウ,ダテチュウガッコウ,地域固有
おらが村,,,1,名詞,固有名詞,地域,一般,*,*,おらが村,オラガムラ,オラガムラ,地域固有
富留屋,,,1,名詞,固有名詞,地域,一般,*,*,富留屋,フルヤ,フルヤ,地域固有
サンドイッチパーラーふるや,,,1,名詞,固有名詞,地域,一般,*,*,サンドイッチパーラーふるや,サンドイッチパーラーフルヤ,サンドイッチパーラーフルヤ,地域固有
蕙山苑,,,1,名詞,固有名詞,地域,一般,*,*,蕙山苑,ケイザンエン,ケイザンエン,地域固有
室蘭市民俗資料館,,,1,名詞,固有名詞,地域,一般,*,*,室蘭市民俗資料館,ムロランシミンゾクシリョウカン,ムロランシミンゾクシリョウカン,地域固有
向陽公園,,,1,名詞,固有名詞,地域,一般,*,*,向陽公園,コウヨウコウエン,コウヨウコウエン,地域固有
新日鉄瑞之江社宅,,,1,名詞,固有名詞,地域,一般,*,*,新日鉄瑞之江社宅,シンニッテツミズノエシャタク,シンニッテツミズノエシャタク,地域固有
瑞之江,,,1,名詞,固有名詞,地域,一般,*,*,瑞之江,ミズノエ,ミズノエ,地域固有
イタンキ工業団地,,,1,名詞,固有名詞,地域,一般,*,*,イタンキ工業団地,イタンキコウギョウダンチ,イタンキコウギョウダンチ,地域固有
ビオトープ・イタンキ,,,1,名詞,固有名詞,地域,一般,*,*,ビオトープ・イタンキ,ビオトープイタンキ,ビオトープイタンキ,地域固有
海に生くる人々,,,1,名詞,固有名詞,地域,一般,*,*,海に生くる人々,ウミニイクルヒトビト,ウミニイクルヒトビト,地域固有
問屋の坂,,,1,名詞,固有名詞,地域,一般,*,*,問屋の坂,トンヤノサカ,トンヤノサカ,地域固有
産物の坂,,,1,名詞,固有名詞,地域,一般,*,*,産物の坂,サンブツノサカ,サンブツノサカ,地域固有
春雨橋,,,1,名詞,固有名詞,地域,一般,*,*,春雨橋,ハルサメバシ,ハルサメバシ,地域固有
室蘭昆布,,,1,名詞,固有名詞,地域,一般,*,*,室蘭昆布,ムロランコンブ,ムロランコンブ,地域固有
室蘭ヤヤン昆布,,,1,名詞,固有名詞,地域,一般,*,*,室蘭ヤヤン昆布,ムロランヤヤンコンブ,ムロランヤヤンコンブ,地域固有
とんせい,,,1,名詞,固有名詞,地域,一般,*,*,とんせい,トンセイ,トンセイ,地域固有
じぇんとる麺,,,1,名詞,固有名詞,地域,一般,*,*,じぇんとる麺,ジェントルメン,ジェントルメン,地域固有
佐々木商店,,,1,名詞,固有名詞,地域,一般,*,*,佐々木商店,ササキショウテン,ササキショウテン,地域固有
亀田公園,,,1,名詞,固有名詞,地域,一般,*,*,亀田公園,カメダコウエン,カメダコウエン,地域固有
入江運動公園,,,1,名詞,固有名詞,地域,一般,*,*,入江運動公園,イリエウンドウコウエン,イリエウンドウコウエン,地域固有
入江臨海公園,,,1,名詞,固有名詞,地域,一般,*,*,入江臨海公園,イリエリンカイコウエン,イリエリンカイコウエン,地域固有
楽山大通,,,1,名詞,固有名詞,地域,一般,*,*,楽山大通,ラクサンオオドオリ,ラクサンオオドオリ,地域固有
交通公園,,,1,名詞,固有名詞,地域,一般,*,*,交通公園,コウツウコウエン,コウツウコウエン,地域固有
祝津公園,,,1,名詞,固有名詞,地域,一般,*,*,祝津公園,シュクヅコウエン,シュクヅコウエン,地域固有
東陽軒,,,1,名詞,固有名詞,地域,一般,*,*,東陽軒,トウヨウケン,トウヨウケン,地域固有
ぷらっと。てついち,,,1,名詞,固有名詞,地域,一般,*,*,ぷらっと。てついち,プラットテツイチ,プラットテツイチ,地域固有
室蘭ねりこみ,,,1,名詞,固有名詞,地域,一般,*,*,室蘭ねりこみ,ムロランネリコミ,ムロランネリコミ,地域固有
ワニ祭,,,1,名詞,固有名詞,地域,一般,*,*,ワニ祭,ワニマツリ,ワニマツリ,地域固有
ワニワニクラブ,,,1,名詞,固有名詞,地域,一般,*,*,ワニワニクラブ,ワニワニクラブ,ワニワニクラブ,地域固有
ThousandPower,,,1,名詞,固有名詞,地域,一般,*,*,ThousandPower,サウザンドパワー,サウザンドパワー,地域固有
白鳥台桜まつり,,,1,名詞,固有名詞,地域,一般,*,*,白鳥台桜まつり,ハクチョウダイサクラマツリ,ハクチョウダイサクラマツリ,地域固有
白鳥台北公園,,,1,名詞,固有名詞,地域,一般,*,*,白鳥台北公園,ハクチョウダイキタコウエン,ハクチョウダイキタコウエン,地域固有
登別市婦人センター,,,1,名詞,固有名詞,地域,一般,*,*,登別市婦人センター,ノボリベツシフジンセンター,ノボリベツシフジンセンター,地域固有
NHK室蘭放送局プラザu,,,1,名詞,固有名詞,地域,一般,*,*,NHK室蘭放送局プラザu,エヌエイチケームロランホウソウキョクプラザミュー,エヌエイチケームロランホウソウキョクプラザミュー,地域固有
ＦＭびゅー,,,1,名詞,固有名詞,地域,一般,*,*,ＦＭびゅー,エフエムビュー,エフエムビュー,地域固有
ほっとな〜る,,,1,名詞,固有名詞,地域,一般,*,*,ほっとな〜る,ホットナール,ホットナール,地域固有
マザーズキッチン,,,1,名詞,固有名詞,地域,一般,*,*,マザーズキッチン,マザーズキッチン,マザーズキッチン,地域固有
丸田農園,,,1,名詞,固有名詞,地域,一般,*,*,丸田農園,マルタノウエン,マルタノウエン,地域固有
ル・ミエーレ,,,1,名詞,固有名詞,地域,一般,*,*,ル・ミエーレ,ルミエーレ,ルミエーレ,地域固有
北風農園,,,1,名詞,固有名詞,地域,一般,*,*,北風農園,キタカゼノウエン,キタカゼノウエン,地域固有
佐々木ファーム,,,1,名詞,固有名詞,地域,一般,*,*,佐々木ファーム,ササキファーム,ササキファーム,地域固有
青山農園,,,1,名詞,固有名詞,地域,一般,*,*,青山農園,アオヤマノウエン,アオヤマノウエン,地域固有
小林農園,,,1,名詞,固有名詞,地域,一般,*,*,小林農園,コバヤシノウエン,コバヤシノウエン,地域固有
山菜工房さいとう,,,1,名詞,固有名詞,地域,一般,*,*,山菜工房さいとう,サンサイコウボウサイトウ,サンサイコウボウサイトウ,地域固有
こどもカフェ,,,1,名詞,固有名詞,地域,一般,*,*,こどもカフェ,コドモカフェ,コドモカフェ,地域固有
農家のいえ,,,1,名詞,固有名詞,地域,一般,*,*,農家のいえ,ノウカノイエ,ノウカノイエ,地域固有
ソラトコカフェ,,,1,名詞,固有名詞,地域,一般,*,*,ソラトコカフェ,ソラトコカフェ,ソラトコカフェ,地域固有
ビアキャビン,,,1,名詞,固有名詞,地域,一般,*,*,ビアキャビン,ビアキャピン,ビアキャピン,地域固有
ラパンガーデン,,,1,名詞,固有名詞,地域,一般,*,*,ラパンガーデン,ラパンガーデン,ラパンガーデン,地域固有
アルナチュリア,,,1,名詞,固有名詞,地域,一般,*,*,アルナチュリア,アルナチュリア,アルナチュリア,地域固有
華ちあす,,,1,名詞,固有名詞,地域,一般,*,*,華ちあす,ハナチアス,ハナチアス,地域固有
まーの,,,1,名詞,固有名詞,地域,一般,*,*,まーの,モーノ,モーノ,地域固有
輪西7条通り,,,1,名詞,固有名詞,地域,一般,*,*,輪西7条通り,ワニシナナジョウドオリ,ワニシナナジョウドオリ,地域固有
グリーンモール,,,1,名詞,固有名詞,地域,一般,*,*,グリーンモール,グリーンモール,グリーンモール,地域固有
シャンシャン通り,,,1,名詞,固有名詞,地域,一般,*,*,シャンシャン通り,シャンシャンドオリ,シャンシャンドオリ,地域固有
カリーナ,,,1,名詞,固有名詞,地域,一般,*,*,カリーナ,カリーナ,カリーナ,地域固有
MORUE,,,1,名詞,固有名詞,地域,一般,*,*,MORUE,モルエ,モルエ,地域固有
五番街ビル,,,1,名詞,固有名詞,地域,一般,*,*,五番街ビル,ゴバンガイビル,ゴバンガイビル,地域固有
らん蘭橋,,,1,名詞,固有名詞,地域,一般,*,*,らん蘭橋,ランランバシ,ランランバシ,地域固有
八丁平小学校,,,1,名詞,固有名詞,地域,一般,*,*,八丁平小学校,ハッチョウダイラショウガッコウ,ハッチョウダイラショウガッコウ,地域固有
室蘭市立八丁平小学校,,,1,名詞,固有名詞,地域,一般,*,*,室蘭市立八丁平小学校,ハッチョウダイラショウガッコウ,ハッチョウダイラショウガッコウ,地域固有
ビジネスホテルオーシャン,,,1,名詞,固有名詞,地域,一般,*,*,ビジネスホテルオーシャン,ビジネスホテルオーシャン,ビジネスホテルオーシャン,地域固有
南部陣屋跡,,,1,名詞,固有名詞,地域,一般,*,*,南部陣屋跡,ナンブジンヤアト,ナンブジンヤアト,地域固有
崎守埠頭,,,1,名詞,固有名詞,地域,一般,*,*,崎守埠頭,サキモリフトウ,サキモリフトウ,地域固有
陣屋小学校,,,1,名詞,固有名詞,地域,一般,*,*,陣屋小学校,ジンヤショウガッコウ,ジンヤショウガッコウ,地域固有
室蘭市立陣屋小学校,,,1,名詞,固有名詞,地域,一般,*,*,室蘭市立陣屋小学校,ムロランシリツジンヤショウガッコウ,ムロランシリツジンヤショウガッコウ,地域固有
恋隠川,,,1,名詞,固有名詞,地域,一般,*,*,恋隠川,コイカクシガワ,コイカクシガワ,地域固有
恋かくし公園,,,1,名詞,固有名詞,地域,一般,*,*,恋かくし公園,コイカクシコウエン,コイカクシコウエン,地域固有
ヤムシクナイ川,,,1,名詞,固有名詞,地域,一般,*,*,ヤムシクナイ川,ヤムシクナイガワ,ヤムシクナイガワ,地域固有
本輪西八幡神社,,,1,名詞,固有名詞,地域,一般,*,*,本輪西八幡神社,モトワニシハチマンジンジャ,モトワニシハチマンジンジャ,地域固有
大和小学校,,,1,名詞,固有名詞,地域,一般,*,*,大和小学校,タイワショウガッコウ,タイワショウガッコウ,地域固有
室蘭市立大和小学校,,,1,名詞,固有名詞,地域,一般,*,*,室蘭市立大和小学校,ムロランシリツタイワショウガッコウ,ムロランシリツタイワショウガッコウ,地域固有
旭ケ丘小学校,,,1,名詞,固有名詞,地域,一般,*,*,旭ケ丘小学校,アサヒガオカショウガッコウ,アサヒガオカショウガッコウ,地域固有
室蘭市立旭ケ丘小学校,,,1,名詞,固有名詞,地域,一般,*,*,室蘭市立旭ケ丘小学校,ムロランシリツアサヒガオカショウガッコウ,ムロランシリツアサヒガオカショウガッコウ,地域固有
東園小学校,,,1,名詞,固有名詞,地域,一般,*,*,東園小学校,トウエンショウガッコウ,トウエンショウガッコウ,地域固有
室蘭市立東園小学校　,,,1,名詞,固有名詞,地域,一般,*,*,室蘭市立東園小学校　,ムロランシリツトウエンショウガッコウ,ムロランシリツトウエンショウガッコウ,地域固有
海陽小学校,,,1,名詞,固有名詞,地域,一般,*,*,海陽小学校,カイヨウショウガッコウ,カイヨウショウガッコウ,地域固有
室蘭市立海陽小学校,,,1,名詞,固有名詞,地域,一般,*,*,室蘭市立海陽小学校,ムロランシリツカイヨウショウガッコウ,ムロランシリツカイヨウショウガッコウ,地域固有
楽山,,,1,名詞,固有名詞,地域,一般,*,*,楽山,ラクサン,ラクサン,地域固有
室蘭清水丘高等学校,,,1,名詞,固有名詞,地域,一般,*,*,室蘭清水丘高等学校,ムロランシミズガオカコウトウガッコウ,ムロランシミズガオカコウトウガッコウ,地域固有
北海道立室蘭清水丘高等学校,,,1,名詞,固有名詞,地域,一般,*,*,北海道立室蘭清水丘高等学校,ホッカイドウリツムロランシミズガオカコウトウガッコウ,ホッカイドウリツムロランシミズガオカコウトウガッコウ,地域固有
清風祭,,,1,名詞,固有名詞,地域,一般,*,*,清風祭,セイフウサイ,セイフウサイ,地域固有
祝津海水浴場,,,1,名詞,固有名詞,地域,一般,*,*,祝津海水浴場,シュクヅカイスイヨクジョウ,シュクヅカイスイヨクジョウ,地域固有
鶴ケ崎中学校,,,1,名詞,固有名詞,地域,一般,*,*,鶴ケ崎中学校,ツルガサキチュウガッコウ,ツルガサキチュウガッコウ,地域固有
室蘭市立鶴ケ崎中学校,,,1,名詞,固有名詞,地域,一般,*,*,室蘭市立鶴ケ崎中学校,ムロランシリツツルガサキチュウガッコウ,ムロランシリツツルガサキチュウガッコウ,地域固有
室蘭タグ事業協同組合,,,1,名詞,固有名詞,地域,一般,*,*,室蘭タグ事業協同組合,ムロランタグジギョウキョウドウクミアイ,ムロランタグジギョウキョウドウクミアイ,地域固有
JX日鉱日石エネルギー室蘭製造所,,,1,名詞,固有名詞,地域,一般,*,*,JX日鉱日石エネルギー室蘭製造所,ジェイエックスニッコウニッセキムロランセイゾウショ,ジェイエックスニッコウニッセキムロランセイゾウショ,地域固有
JX日鉱日石エネルギー,,,1,名詞,固有名詞,地域,一般,*,*,JX日鉱日石エネルギー,ジェイエックスニッコウニッセキエネルギー,ジェイエックスニッコウニッセキエネルギー,地域固有
むろみんトーク,,,1,名詞,固有名詞,地域,一般,*,*,むろみんトーク,ムロミントーク,ムロミントーク,地域固有
鷲別林道,,,1,名詞,固有名詞,地域,一般,*,*,鷲別林道,ワシベツリンドウ,ワシベツリンドウ,地域固有
共和水産,,,1,名詞,固有名詞,地域,一般,*,*,共和水産,キョウワスイサン,キョウワスイサン,地域固有
塩釜,,,1,名詞,固有名詞,地域,一般,*,*,塩釜,シオガマ,シオガマ,地域固有
西中学校,,,1,名詞,固有名詞,地域,一般,*,*,西中学校,ニシチュウガッコウ,ニシチュウガッコウ,地域固有
室蘭市立西中学校,,,1,名詞,固有名詞,地域,一般,*,*,室蘭市立西中学校,ムロランシリツニシチュウガッコウ,ムロランシリツニシチュウガッコウ,地域固有
パンドミック,,,1,名詞,固有名詞,地域,一般,*,*,パンドミック,パンドミック,パンドミック,地域固有
Sora.café,,,1,名詞,固有名詞,地域,一般,*,*,Sora.café,ソラカフェ,ソラカフェ,地域固有
ソラ・カフェ,,,1,名詞,固有名詞,地域,一般,*,*,ソラ・カフェ,ソラ・カフェ,ソラ・カフェ,地域固有
天神町,,,1,名詞,固有名詞,地域,一般,*,*,天神町,テンジンチョウ,テンジンチョウ,地域固有
登別チーズ,,,1,名詞,固有名詞,地域,一般,*,*,登別チーズ,ノボリベツチーズ,ノボリベツチーズ,地域固有
ポントコ山,,,1,名詞,固有名詞,地域,一般,*,*,ポントコ山,ポントコサン,ポントコサン,地域固有
胆振地方男女平等参画センター,,,1,名詞,固有名詞,地域,一般,*,*,胆振地方男女平等参画センター,イブリチホウダンジョビョウドウサンカクセンター,イブリチホウダンジョビョウドウサンカクセンター,地域固有
青少年研修センター,,,1,名詞,固有名詞,地域,一般,*,*,青少年研修センター,セイショウネンケンシュウセンター,セイショウネンケンシュウセンター,地域固有
港北公園,,,1,名詞,固有名詞,地域,一般,*,*,港北公園,コウホクコウエン,コウホクコウエン,地域固有
柏木町,,,1,名詞,固有名詞,地域,一般,*,*,柏木町,カシワギチョウ,カシワギチョウ,地域固有
柏木,,,1,名詞,固有名詞,地域,一般,*,*,柏木,カシワギ,カシワギ,地域固有
崎守神社,,,1,名詞,固有名詞,地域,一般,*,*,崎守神社,サキモリジンジャ,サキモリジンジャ,地域固有
北海道室蘭大谷高等学校,,,1,名詞,固有名詞,地域,一般,*,*,北海道室蘭大谷高等学校,ホッカイドウムロランオオタニコウトウガッコウ,ホッカイドウムロランオオタニコウトウガッコウ,地域固有
浜勝,,,1,名詞,固有名詞,地域,一般,*,*,浜勝,ハマカツ,ハマカツ,地域固有
室蘭市家禽野鳥園,,,1,名詞,固有名詞,地域,一般,*,*,室蘭市家禽野鳥園,ムロランシカキンヤチョウエン,ムロランシカキンヤチョウエン,地域固有
東明中学校,,,1,名詞,固有名詞,地域,一般,*,*,東明中学校,トウメイチュウガッコウ,トウメイチュウガッコウ,地域固有
室蘭市立東明中学校,,,1,名詞,固有名詞,地域,一般,*,*,室蘭市立東明中学校,ムロランシリツトウメイチュウガッコウ,ムロランシリツトウメイチュウガッコウ,地域固有
吉の湯,,,1,名詞,固有名詞,地域,一般,*,*,吉の湯,ヨシノユ,ヨシノユ,地域固有
東町大和団地,,,1,名詞,固有名詞,地域,一般,*,*,東町大和団地,ヒガシマチタイワダンチ,ヒガシマチタイワダンチ,地域固有
高砂小学校,,,1,名詞,固有名詞,地域,一般,*,*,高砂小学校,タカサゴショウガッコウ,タカサゴショウガッコウ,地域固有
室蘭市立高砂小学校,,,1,名詞,固有名詞,地域,一般,*,*,室蘭市立高砂小学校,ムロランシリツタカサゴショウガッコウ,ムロランシリツタカサゴショウガッコウ,地域固有
大沢小学校,,,1,名詞,固有名詞,地域,一般,*,*,大沢小学校,オオサワショウガッコウ,オオサワショウガッコウ,地域固有
室蘭市立大沢小学校,,,1,名詞,固有名詞,地域,一般,*,*,室蘭市立大沢小学校,ムロランシリツオオサワショウガッコウ,ムロランシリツオオサワショウガッコウ,地域固有
御崎駅,,,1,名詞,固有名詞,地域,一般,*,*,御崎駅,ミサキエキ,ミサキエキ,地域固有
桜が丘小学校,,,1,名詞,固有名詞,地域,一般,*,*,桜が丘小学校,サクラガオカショウガッコウ,サクラガオカショウガッコウ,地域固有
室蘭市立桜が丘小学校,,,1,名詞,固有名詞,地域,一般,*,*,室蘭市立桜が丘小学校,ムロランシリツサクラガオカショウガッコウ,ムロランシリツサクラガオカショウガッコウ,地域固有
青少年科学館,,,1,名詞,固有名詞,地域,一般,*,*,青少年科学館,セイショウネンカガクカン,セイショウネンカガクカン,地域固有
室蘭市青少年科学館,,,1,名詞,固有名詞,地域,一般,*,*,室蘭市青少年科学館,ムロランシセイショウネンカガクカン,ムロランシセイショウネンカガクカン,地域固有
青少年科学クラブ,,,1,名詞,固有名詞,地域,一般,*,*,青少年科学クラブ,セイショウネンカガククラブ,セイショウネンカガククラブ,地域固有
環境科学館,,,1,名詞,固有名詞,地域,一般,*,*,環境科学館,カンキョウカガクカン,カンキョウカガクカン,地域固有
知利別公園,,,1,名詞,固有名詞,地域,一般,*,*,知利別公園,チリベツコウエン,チリベツコウエン,地域固有
キノコ公園,,,1,名詞,固有名詞,地域,一般,*,*,キノコ公園,キノココウエン,キノココウエン,地域固有
室蘭やきとり,,,1,名詞,固有名詞,地域,一般,*,*,室蘭やきとり,ムロランヤキトリ,ムロランヤキトリ,地域固有
竹よしラーメンハウス,,,1,名詞,固有名詞,地域,一般,*,*,竹よしラーメンハウス,タケヨシラーメンハウス,タケヨシラーメンハウス,地域固有
竹よし,,,1,名詞,固有名詞,地域,一般,*,*,竹よし,タケヨシ,タケヨシ,地域固有
向陽中学校,,,1,名詞,固有名詞,地域,一般,*,*,向陽中学校,コウヨウチュウガッコウ,コウヨウチュウガッコウ,地域固有
室蘭市立向陽中学校,,,1,名詞,固有名詞,地域,一般,*,*,室蘭市立向陽中学校,ムロランシリツコウヨウチュウガッコウ,ムロランシリツコウヨウチュウガッコウ,地域固有
ほくほくファーム,,,1,名詞,固有名詞,地域,一般,*,*,ほくほくファーム,ホクホクファーム,ホクホクファーム,地域固有
alnaturia,,,1,名詞,固有名詞,地域,一般,*,*,alnaturia,アルナチュリア,アルナチュリア,地域固有
千舞別川,,,1,名詞,固有名詞,地域,一般,*,*,千舞別川,チマイベツガワ,チマイベツガワ,地域固有
アフンルパロ,,,1,名詞,固有名詞,地域,一般,*,*,アフンルパロ,アフンルパロ,アフンルパロ,地域固有
チヌイエピラ,,,1,名詞,固有名詞,地域,一般,*,*,チヌイエピラ,チヌイエピラ,チヌイエピラ,地域固有
ポンモシリ,,,1,名詞,固有名詞,地域,一般,*,*,ポンモシリ,ポンモシリ,ポンモシリ,地域固有
ポロモシリ,,,1,名詞,固有名詞,地域,一般,*,*,ポロモシリ,ポロモシリ,ポロモシリ,地域固有
黄金駅,,,1,名詞,固有名詞,地域,一般,*,*,黄金駅,コガネエキ,コガネエキ,地域固有
稀府駅,,,1,名詞,固有名詞,地域,一般,*,*,稀府駅,マレップエキ,マレップエキ,地域固有
稀府,,,1,名詞,固有名詞,地域,一般,*,*,稀府,マレップ,マレップ,地域固有
わたれーる,,,1,名詞,固有名詞,地域,一般,*,*,わたれーる,ワタレール,ワタレール,地域固有
香庵,,,1,名詞,固有名詞,地域,一般,*,*,香庵,カオリアン,カオリアン,地域固有
弁太,,,1,名詞,固有名詞,地域,一般,*,*,弁太,ベンタ,ベンタ,地域固有
伽羅,,,1,名詞,固有名詞,地域,一般,*,*,伽羅,キャラ,キャラ,地域固有
味しん食堂,,,1,名詞,固有名詞,地域,一般,*,*,味しん食堂,アジシンショクドウ,アジシンショクドウ,地域固有
マンチェスターの丘,,,1,名詞,固有名詞,地域,一般,*,*,マンチェスターの丘,マンチェスターノオカ,マンチェスターノオカ,地域固有
皆花,,,1,名詞,固有名詞,地域,一般,*,*,皆花,ミナハナ,ミナハナ,地域固有
フジモリ果樹園,,,1,名詞,固有名詞,地域,一般,*,*,フジモリ果樹園,フジモリカジュエン,フジモリカジュエン,地域固有
清泉幼稚園,,,1,名詞,固有名詞,地域,一般,*,*,清泉幼稚園,セイセンヨウチエン,セイセンヨウチエン,地域固有
理容のゴトウ,,,1,名詞,固有名詞,地域,一般,*,*,理容のゴトウ,リヨウノゴトウ,リヨウノゴトウ,地域固有
祝津児童館,,,1,名詞,固有名詞,地域,一般,*,*,祝津児童館,シュクヅジドウカン,シュクヅジドウカン,地域固有
幕西遊郭,,,1,名詞,固有名詞,地域,一般,*,*,幕西遊郭,マクニシユウカク,マクニシユウカク,地域固有
TR,,,1,名詞,固有名詞,地域,一般,*,*,TR,ティーアール,ティーアール,地域固有
海星学院高等学校,,,1,名詞,固有名詞,地域,一般,*,*,海星学院高等学校,カイセイガクインコウトウガッコウ,カイセイガクインコウトウガッコウ,地域固有
幕西坂,,,1,名詞,固有名詞,地域,一般,*,*,幕西坂,マクニシザカ,マクニシザカ,地域固有
ポロトーコタン,,,1,名詞,固有名詞,地域,一般,*,*,ポロトーコタン,ポロトーコタン,ポロトーコタン,地域固有
よし寿司,,,1,名詞,固有名詞,地域,一般,*,*,よし寿司,ヨシズシ,ヨシズシ,地域固有
常盤の坂,,,1,名詞,固有名詞,地域,一般,*,*,常盤の坂,トキワノサカ,トキワノサカ,地域固有
胆振振興局,,,1,名詞,固有名詞,地域,一般,*,*,胆振振興局,イブリシンコウキョク,イブリシンコウキョク,地域固有
養護老人ホームあいらん,,,1,名詞,固有名詞,地域,一般,*,*,養護老人ホームあいらん,ヨウゴロウジンホームアイラン,ヨウゴロウジンホームアイラン,地域固有
ファミリーレストラン若鶴,,,1,名詞,固有名詞,地域,一般,*,*,ファミリーレストラン若鶴,ファミリーレストランワカツル,ファミリーレストランワカツル,地域固有
若鶴,,,1,名詞,固有名詞,地域,一般,*,*,若鶴,ワカツル,ワカツル,地域固有
小舟,,,1,名詞,固有名詞,地域,一般,*,*,小舟,コブネ,コブネ,地域固有
介護老人福祉施設みたらの杜,,,1,名詞,固有名詞,地域,一般,*,*,介護老人福祉施設みたらの杜,カイゴロウジンフクシシセツミタラノモリ,カイゴロウジンフクシシセツミタラノモリ,地域固有
みたらの杜美術館,,,1,名詞,固有名詞,地域,一般,*,*,みたらの杜美術館,ミタラノモリビジュツカン,ミタラノモリビジュツカン,地域固有
老人福祉施設エンルムハイツ,,,1,名詞,固有名詞,地域,一般,*,*,老人福祉施設エンルムハイツ,ロウジンフクシシセツエンルムハイツ,ロウジンフクシシセツエンルムハイツ,地域固有
港南福音教会,,,1,名詞,固有名詞,地域,一般,*,*,港南福音教会,コウナンフクインキョウカイ,コウナンフクインキョウカイ,地域固有
手作り雑貨ＣＯＮＯＭＩ,,,1,名詞,固有名詞,地域,一般,*,*,手作り雑貨ＣＯＮＯＭＩ,テヅクリザッカコノミ,テヅクリザッカコノミ,地域固有
手作り雑貨CONOMI,,,1,名詞,固有名詞,地域,一般,*,*,手作り雑貨CONOMI,テヅクリザッカコノミ,テヅクリザッカコノミ,地域固有
イエローサブマリン,,,1,名詞,固有名詞,地域,一般,*,*,イエローサブマリン,イエローサブマリン,イエローサブマリン,地域固有
祝津親水緑地,,,1,名詞,固有名詞,地域,一般,*,*,祝津親水緑地,シュクヅシンスイリョクチ,シュクヅシンスイリョクチ,地域固有
絵鞆臨海公園,,,1,名詞,固有名詞,地域,一般,*,*,絵鞆臨海公園,エトモリンカイコウエン,エトモリンカイコウエン,地域固有
MUTEKIROU,,,1,名詞,固有名詞,地域,一般,*,*,MUTEKIROU,ムテキロウ,ムテキロウ,地域固有
霧笛楼,,,1,名詞,固有名詞,地域,一般,*,*,霧笛楼,ムテキロウ,ムテキロウ,地域固有
ちく林,,,1,名詞,固有名詞,地域,一般,*,*,ちく林,チクリン,チクリン,地域固有
白鳥大橋ウォーク,,,1,名詞,固有名詞,地域,一般,*,*,白鳥大橋ウォーク,ハクチョウオオハシウォーク,ハクチョウオオハシウォーク,地域固有
白鳥大橋サイクリング,,,1,名詞,固有名詞,地域,一般,*,*,白鳥大橋サイクリング,ハクチョウオオハシサイクリング,ハクチョウオオハシサイクリング,地域固有
白鳥大橋完成記念ハーフマラソン,,,1,名詞,固有名詞,地域,一般,*,*,白鳥大橋完成記念ハーフマラソン,ハクチョウオオハシカンセイキネンハーフマラソン,ハクチョウオオハシカンセイキネンハーフマラソン,地域固有
ツール・ド・北海道,,,1,名詞,固有名詞,地域,一般,*,*,ツール・ド・北海道,ツールドホッカイドウ,ツールドホッカイドウ,地域固有
白鳥大橋カウントダウン,,,1,名詞,固有名詞,地域,一般,*,*,白鳥大橋カウントダウン,ハクチョウオオハシカウントダウン,ハクチョウオオハシカウントダウン,地域固有
輪西稲荷神社,,,1,名詞,固有名詞,地域,一般,*,*,輪西稲荷神社,ワニシイナリジンジャ,ワニシイナリジンジャ,地域固有
伊丹来稲荷神社,,,1,名詞,固有名詞,地域,一般,*,*,伊丹来稲荷神社,イタンキイナリジンジャ,イタンキイナリジンジャ,地域固有
イタンキ昆布,,,1,名詞,固有名詞,地域,一般,*,*,イタンキ昆布,イタンキコンブ,イタンキコンブ,地域固有
カネコ・ジーンズショップ,,,1,名詞,固有名詞,地域,一般,*,*,カネコ・ジーンズショップ,カネコジーンズショップ,カネコジーンズショップ,地域固有
スワンフェスタ,,,1,名詞,固有名詞,地域,一般,*,*,スワンフェスタ,スワンフェスタ,スワンフェスタ,地域固有
小橋内稲荷神社,,,1,名詞,固有名詞,地域,一般,*,*,小橋内稲荷神社,オハシナイイナリジンジャ,オハシナイイナリジンジャ,地域固有
祝津神社,,,1,名詞,固有名詞,地域,一般,*,*,祝津神社,シュクヅジンジャ,シュクヅジンジャ,地域固有
輪西神社,,,1,名詞,固有名詞,地域,一般,*,*,輪西神社,ワニシジンジャ,ワニシジンジャ,地域固有
うずらんアイス,,,1,名詞,固有名詞,地域,一般,*,*,うずらんアイス,ウズランアイス,ウズランアイス,地域固有
室蘭うずら園,,,1,名詞,固有名詞,地域,一般,*,*,室蘭うずら園,ムロランウズラエン,ムロランウズラエン,地域固有
祝津親水公園,,,1,名詞,固有名詞,地域,一般,*,*,祝津親水公園,シュクヅシンスイコウエン,シュクヅシンスイコウエン,地域固有
飲み処HAYASHI,,,1,名詞,固有名詞,地域,一般,*,*,飲み処HAYASHI,ノミドコロヤハシ,ノミドコロヤハシ,地域固有
はぁと,,,1,名詞,固有名詞,地域,一般,*,*,はぁと,ハアト,ハアト,地域固有
カムイヌプリ,,,1,名詞,固有名詞,地域,一般,*,*,カムイヌプリ,カムイヌプリ,カムイヌプリ,地域固有
むろ市,,,1,名詞,固有名詞,地域,一般,*,*,むろ市,ムロイチ,ムロイチ,地域固有
味のむろ市,,,1,名詞,固有名詞,地域,一般,*,*,味のむろ市,アジノムロイチ,アジノムロイチ,地域固有
魚てつ,,,1,名詞,固有名詞,地域,一般,*,*,魚てつ,ウオテツ,ウオテツ,地域固有
有限会社魚てつ,,,1,名詞,固有名詞,地域,一般,*,*,有限会社魚てつ,ユウゲンガイシャウオテツ,ユウゲンガイシャウオテツ,地域固有
田子屋,,,1,名詞,固有名詞,地域,一般,*,*,田子屋,タゴヤ,タゴヤ,地域固有
スナックきむら,,,1,名詞,固有名詞,地域,一般,*,*,スナックきむら,スナックキムラ,スナックキムラ,地域固有
三橋,,,1,名詞,固有名詞,地域,一般,*,*,三橋,ミツハシ,ミツハシ,地域固有
元町,,,1,名詞,固有名詞,地域,一般,*,*,元町,モトマチ,モトマチ,地域固有
旭町,,,1,名詞,固有名詞,地域,一般,*,*,旭町,アサヒマチ,アサヒマチ,地域固有
弥生,,,1,名詞,固有名詞,地域,一般,*,*,弥生,ヤヨイ,ヤヨイ,地域固有
弥生ショッピングセンター,,,1,名詞,固有名詞,地域,一般,*,*,弥生ショッピングセンター,ヤヨイショッピングセンター,ヤヨイショッピングセンター,地域固有
東町弥生団地,,,1,名詞,固有名詞,地域,一般,*,*,東町弥生団地,ヒガシマチヤヨイダンチ,ヒガシマチヤヨイダンチ,地域固有
大和,,,1,名詞,固有名詞,地域,一般,*,*,大和,タイワ,タイワ,地域固有
大和公園,,,1,名詞,固有名詞,地域,一般,*,*,大和公園,タイワコウエン,タイワコウエン,地域固有
末広,,,1,名詞,固有名詞,地域,一般,*,*,末広,スエヒロ,スエヒロ,地域固有
東町末広団地,,,1,名詞,固有名詞,地域,一般,*,*,東町末広団地,ヒガシマチスエヒロダンチ,ヒガシマチスエヒロダンチ,地域固有
若園,,,1,名詞,固有名詞,地域,一般,*,*,若園,ワカゾノ,ワカゾノ,地域固有
東町若園町会,,,1,名詞,固有名詞,地域,一般,*,*,東町若園町会,ヒガシマチワカゾノチョウカイ,ヒガシマチワカゾノチョウカイ,地域固有
汐見,,,1,名詞,固有名詞,地域,一般,*,*,汐見,シオミ,シオミ,地域固有
東町汐見団地,,,1,名詞,固有名詞,地域,一般,*,*,東町汐見団地,ヒガシマチシオミダンチ,ヒガシマチシオミダンチ,地域固有
伊丹来,,,1,名詞,固有名詞,地域,一般,*,*,伊丹来,イタンキ,イタンキ,地域固有
東町伊丹来町会,,,1,名詞,固有名詞,地域,一般,*,*,東町伊丹来町会,ヒガシマチイタンキチョウカイ,ヒガシマチイタンキチョウカイ,地域固有
御園,,,1,名詞,固有名詞,地域,一般,*,*,御園,ミソノ,ミソノ,地域固有
東雲,,,1,名詞,固有名詞,地域,一般,*,*,東雲,シノノメ,シノノメ,地域固有
東雲ハイツ,,,1,名詞,固有名詞,地域,一般,*,*,東雲ハイツ,シノノメハイツ,シノノメハイツ,地域固有
鐡のまちフェスタ,,,1,名詞,固有名詞,地域,一般,*,*,鐡のまちフェスタ,テツノマチフェスタ,テツノマチフェスタ,地域固有
輪西公園,,,1,名詞,固有名詞,地域,一般,*,*,輪西公園,ワニシコウエン,ワニシコウエン,地域固有
みのる寿司,,,1,名詞,固有名詞,地域,一般,*,*,みのる寿司,ミノルズシ,ミノルズシ,地域固有
菓子工房モンパリ,,,1,名詞,固有名詞,地域,一般,*,*,菓子工房モンパリ,カシコウボウモンパリ,カシコウボウモンパリ,地域固有
モンパリ,,,1,名詞,固有名詞,地域,一般,*,*,モンパリ,モンパリ,モンパリ,地域固有
げんこつパイ,,,1,名詞,固有名詞,地域,一般,*,*,げんこつパイ,ゲンコツパイ,ゲンコツパイ,地域固有
浜町商店街,,,1,名詞,固有名詞,地域,一般,*,*,浜町商店街,ハマチョウショウテンガイ,ハマチョウショウテンガイ,地域固有
ボルタ,,,1,名詞,固有名詞,地域,一般,*,*,ボルタ,ボルタ,ボルタ,地域固有
ボルタ工房,,,1,名詞,固有名詞,地域,一般,*,*,ボルタ工房,ボルタコウボウ,ボルタコウボウ,地域固有
NPO法人テツプロ,,,1,名詞,固有名詞,地域,一般,*,*,NPO法人テツプロ,エヌピーオーホウジンテツプロ,エヌピーオーホウジンテツプロ,地域固有
テツプロ,,,1,名詞,固有名詞,地域,一般,*,*,テツプロ,テツプロ,テツプロ,地域固有
よってけ家,,,1,名詞,固有名詞,地域,一般,*,*,よってけ家,ヨッテケヤ,ヨッテケヤ,地域固有
四国屋,,,1,名詞,固有名詞,地域,一般,*,*,四国屋,シコクヤ,シコクヤ,地域固有
祝津保育所,,,1,名詞,固有名詞,地域,一般,*,*,祝津保育所,シュクヅホイクショ,シュクヅホイクショ,地域固有
茶津山,,,1,名詞,固有名詞,地域,一般,*,*,茶津山,チャツヤマ,チャツヤマ,地域固有
室蘭市公会堂,,,1,名詞,固有名詞,地域,一般,*,*,室蘭市公会堂,ムロランシコウカイドウ,ムロランシコウカイドウ,地域固有
みどり保育園,,,1,名詞,固有名詞,地域,一般,*,*,みどり保育園,ミドリホイクエン,ミドリホイクエン,地域固有
双葉保育園,,,1,名詞,固有名詞,地域,一般,*,*,双葉保育園,フタバホイクエン,フタバホイクエン,地域固有
ホテルサンルート室蘭,,,1,名詞,固有名詞,地域,一般,*,*,ホテルサンルート室蘭,ホテルサンルートムロラン,ホテルサンルートムロラン,地域固有
サンルート室蘭,,,1,名詞,固有名詞,地域,一般,*,*,サンルート室蘭,サンルートムロラン,サンルートムロラン,地域固有
えきがるセンター,,,1,名詞,固有名詞,地域,一般,*,*,えきがるセンター,エキガルセンター,エキガルセンター,地域固有
ハウスドゥ！室蘭店,,,1,名詞,固有名詞,地域,一般,*,*,ハウスドゥ！室蘭店,ハウスドゥムロランテン,ハウスドゥムロランテン,地域固有
つどいの広場サンキッズ,,,1,名詞,固有名詞,地域,一般,*,*,つどいの広場サンキッズ,ツドイノヒロバサンキッズ,ツドイノヒロバサンキッズ,地域固有
彩食茶房松の実,,,1,名詞,固有名詞,地域,一般,*,*,彩食茶房松の実,サイショクサボウマツノミ,サイショクサボウマツノミ,地域固有
ツクイ東室蘭,,,1,名詞,固有名詞,地域,一般,*,*,ツクイ東室蘭,ツクイヒガシムロラン,ツクイヒガシムロラン,地域固有
東町保育所,,,1,名詞,固有名詞,地域,一般,*,*,東町保育所,ヒガシマチホイクショ,ヒガシマチホイクショ,地域固有
にしビューティサロン東町本店,,,1,名詞,固有名詞,地域,一般,*,*,にしビューティサロン東町本店,ニシビューティーサロンヒガシマチホンテン,ニシビューティーサロンヒガシマチホンテン,地域固有
楽山保育園,,,1,名詞,固有名詞,地域,一般,*,*,楽山保育園,ラクサンホイクエン,ラクサンホイクエン,地域固有
楽山整骨院,,,1,名詞,固有名詞,地域,一般,*,*,楽山整骨院,ラクサンセイコツイン,ラクサンセイコツイン,地域固有
白鳥台会館,,,1,名詞,固有名詞,地域,一般,*,*,白鳥台会館,ハクチョウダイカイカン,ハクチョウダイカイカン,地域固有
菊地寝具店,,,1,名詞,固有名詞,地域,一般,*,*,菊地寝具店,キクチシングテン,キクチシングテン,地域固有
中島保育所,,,1,名詞,固有名詞,地域,一般,*,*,中島保育所,ナカジマホイクショ,ナカジマホイクショ,地域固有
常盤保育所,,,1,名詞,固有名詞,地域,一般,*,*,常盤保育所,トキワホイクショ,トキワホイクショ,地域固有
美容室ウェーブ,,,1,名詞,固有名詞,地域,一般,*,*,美容室ウェーブ,ビヨウシツウェーブ,ビヨウシツウェーブ,地域固有
総合福祉センター,,,1,名詞,固有名詞,地域,一般,*,*,総合福祉センター,ソウゴウフクシセンター,ソウゴウフクシセンター,地域固有
デイサービスセンターかなで,,,1,名詞,固有名詞,地域,一般,*,*,デイサービスセンターかなで,デイサービスセンターカナデ,デイサービスセンターカナデ,地域固有
サンライフ室蘭,,,1,名詞,固有名詞,地域,一般,*,*,サンライフ室蘭,サンライフムロラン,サンライフムロラン,地域固有
港北保育所,,,1,名詞,固有名詞,地域,一般,*,*,港北保育所,コウホクホイクショ,コウホクホイクショ,地域固有
ブーケ美容室,,,1,名詞,固有名詞,地域,一般,*,*,ブーケ美容室,ブーケビヨウシツ,ブーケビヨウシツ,地域固有
amibelle,,,1,名詞,固有名詞,地域,一般,*,*,amibelle,アミベル,アミベル,地域固有
アミベル,,,1,名詞,固有名詞,地域,一般,*,*,アミベル,アミベル,アミベル,地域固有
ふみ美容室,,,1,名詞,固有名詞,地域,一般,*,*,ふみ美容室,フミビヨウシツ,フミビヨウシツ,地域固有
げんき館ペトトル,,,1,名詞,固有名詞,地域,一般,*,*,げんき館ペトトル,ゲンキカンペトトル,ゲンキカンペトトル,地域固有
室蘭信用金庫,,,1,名詞,固有名詞,地域,一般,*,*,室蘭信用金庫,ムロランシンヨウキンコ,ムロランシンヨウキンコ,地域固有
白鳥保育所,,,1,名詞,固有名詞,地域,一般,*,*,白鳥保育所,ハクチョウホイクショ,ハクチョウホイクショ,地域固有
米澤整骨院,,,1,名詞,固有名詞,地域,一般,*,*,米澤整骨院,ヨネザワセイコツイン,ヨネザワセイコツイン,地域固有
清香園茶舗,,,1,名詞,固有名詞,地域,一般,*,*,清香園茶舗,セイコウエンチャホ,セイコウエンチャホ,地域固有
室蘭市B&G海洋センタ－,,,1,名詞,固有名詞,地域,一般,*,*,室蘭市B&G海洋センタ－,ムロランシビーアンドジーカイヨウセンター,ムロランシビーアンドジーカイヨウセンター,地域固有
エンルムマリーナ,,,1,名詞,固有名詞,地域,一般,*,*,エンルムマリーナ,エンルムマリーナ,エンルムマリーナ,地域固有
鳥よし,,,1,名詞,固有名詞,地域,一般,*,*,鳥よし,トリヨシ,トリヨシ,地域固有
室蘭登別健保センター,,,1,名詞,固有名詞,地域,一般,*,*,室蘭登別健保センター,ムロランノボリベツホケンセンター,ムロランノボリベツホケンセンター,地域固有
室蘭高等技術専門学校,,,1,名詞,固有名詞,地域,一般,*,*,室蘭高等技術専門学校,ムロランコウトウギジュツセンモンガッコウ,ムロランコウトウギジュツセンモンガッコウ,地域固有
牛タンの豊助,,,1,名詞,固有名詞,地域,一般,*,*,牛タンの豊助,ギュウタンノホウスケ,ギュウタンノホウスケ,地域固有
北海道立室蘭高等技術専門学院,,,1,名詞,固有名詞,地域,一般,*,*,北海道立室蘭高等技術専門学院,ホッカイドウリツムロランコウトウギジュツセンモンガクイン,ホッカイドウリツムロランコウトウギジュツセンモンガクイン,地域固有
東中学校,,,1,名詞,固有名詞,地域,一般,*,*,東中学校,ヒガシチュウガッコウ,ヒガシチュウガッコウ,地域固有
室蘭市立東中学校,,,1,名詞,固有名詞,地域,一般,*,*,室蘭市立東中学校,ムロランシリツヒガシチュウガッコウ,ムロランシリツヒガシチュウガッコウ,地域固有
大湯沼川天然足湯,,,1,名詞,固有名詞,地域,一般,*,*,大湯沼川天然足湯,オオユヌマガワテンネンアシユ,オオユヌマガワテンネンアシユ,地域固有
大湯沼川,,,1,名詞,固有名詞,地域,一般,*,*,大湯沼川,オオユヌマガワ,オオユヌマガワ,地域固有
大湯沼,,,1,名詞,固有名詞,地域,一般,*,*,大湯沼,オオユヌマ,オオユヌマ,地域固有
レコレクト,,,1,名詞,固有名詞,地域,一般,*,*,レコレクト,レコレクト,レコレクト,地域固有
松風庵,,,1,名詞,固有名詞,地域,一般,*,*,松風庵,ショウフウアン,ショウフウアン,地域固有
夕月庵,,,1,名詞,固有名詞,地域,一般,*,*,夕月庵,ユウヅキアン,ユウヅキアン,地域固有
来夢舘,,,1,名詞,固有名詞,地域,一般,*,*,来夢舘,ライムカン,ライムカン,地域固有
高砂５丁目２号公園,,,1,名詞,固有名詞,地域,一般,*,*,高砂５丁目２号公園,タカサゴゴチョウメニゴウコウエン,タカサゴゴチョウメニゴウコウエン,地域固有
高砂5丁目2号公園,,,1,名詞,固有名詞,地域,一般,*,*,高砂5丁目2号公園,タカサゴゴチョウメニゴウコウエン,タカサゴゴチョウメニゴウコウエン,地域固有
第一鉄鋼,,,1,名詞,固有名詞,地域,一般,*,*,第一鉄鋼,ダイイチテッコウ,ダイイチテッコウ,地域固有
日鉄住金テクノロジー室蘭事業所,,,1,名詞,固有名詞,地域,一般,*,*,日鉄住金テクノロジー室蘭事業所,ニッテツスミキンテクノロジームロランジギョウショ,ニッテツスミキンテクノロジームロランジギョウショ,地域固有
日鉄住金テックスエンジ室蘭支店,,,1,名詞,固有名詞,地域,一般,*,*,日鉄住金テックスエンジ室蘭支店,ニッテツスミキンテックスエンジムロランシテン,ニッテツスミキンテックスエンジムロランシテン,地域固有
小梅,,,1,名詞,固有名詞,地域,一般,*,*,小梅,コウメ,コウメ,地域固有
食工房アスコット,,,1,名詞,固有名詞,地域,一般,*,*,食工房アスコット,ショクコウボウアスコット,ショクコウボウアスコット,地域固有
青空団地,,,1,名詞,固有名詞,地域,一般,*,*,青空団地,アオゾラダンチ,アオゾラダンチ,地域固有
寿橋,,,1,名詞,固有名詞,地域,一般,*,*,寿橋,コトブキバシ,コトブキバシ,地域固有
太平橋,,,1,名詞,固有名詞,地域,一般,*,*,太平橋,タイヘイバシ,タイヘイバシ,地域固有
ポンアヨロ,,,1,名詞,固有名詞,地域,一般,*,*,ポンアヨロ,ポンアヨロ,ポンアヨロ,地域固有
チョコミルクラフト工房,,,1,名詞,固有名詞,地域,一般,*,*,チョコミルクラフト工房,チョコミルクラフトコウボウ,チョコミルクラフトコウボウ,地域固有
礼文華,,,1,名詞,固有名詞,地域,一般,*,*,礼文華,レブンゲ,レブンゲ,地域固有
チパドイエニ川,,,1,名詞,固有名詞,地域,一般,*,*,チパドイエニ川,チパドイエニガワ,チパドイエニガワ,地域固有
ベンベ,,,1,名詞,固有名詞,地域,一般,*,*,ベンベ,ベンベ,ベンベ,地域固有
オタモイ,,,1,名詞,固有名詞,地域,一般,*,*,オタモイ,オタモイ,オタモイ,地域固有
八丁平中央町会会館,,,1,名詞,固有名詞,地域,一般,*,*,八丁平中央町会会館,ハッチョウダイラチュウオウチョウカイカイカン,ハッチョウダイラチュウオウチョウカイカイカン,地域固有
木の公園,,,1,名詞,固有名詞,地域,一般,*,*,木の公園,キノコウエン,キノコウエン,地域固有
夕月庵高砂店,,,1,名詞,固有名詞,地域,一般,*,*,夕月庵高砂店,ユウヅキアンタカサゴテン,ユウヅキアンタカサゴテン,地域固有
株式会社カムイ電子,,,1,名詞,固有名詞,地域,一般,*,*,株式会社カムイ電子,カブシキガイシャカムイデンシ,カブシキガイシャカムイデンシ,地域固有
パルファン2,,,1,名詞,固有名詞,地域,一般,*,*,パルファン2,パルファンツー,パルファンツー,地域固有
さとみや,,,1,名詞,固有名詞,地域,一般,*,*,さとみや,サトミヤ,サトミヤ,地域固有
丸越山口紙店,,,1,名詞,固有名詞,地域,一般,*,*,丸越山口紙店,マルコシヤマグチカミテン,マルコシヤマグチカミテン,地域固有
新日鐵住金体育館,,,1,名詞,固有名詞,地域,一般,*,*,新日鐵住金体育館,シンニッテツスミキンタイイクカン,シンニッテツスミキンタイイクカン,地域固有
北海道船用品株式会社,,,1,名詞,固有名詞,地域,一般,*,*,北海道船用品株式会社,ホッカイドウフネヨウヒンカブシキガイシャ,ホッカイドウフネヨウヒンカブシキガイシャ,地域固有
森旅館,,,1,名詞,固有名詞,地域,一般,*,*,森旅館,モリリョカン,モリリョカン,地域固有
室蘭灯台,,,1,名詞,固有名詞,地域,一般,*,*,室蘭灯台,ムロラントウダイ,ムロラントウダイ,地域固有
北炭役宅,,,1,名詞,固有名詞,地域,一般,*,*,北炭役宅,ホクタンシャタク,ホクタンシャタク,地域固有
ぎんやデパート,,,1,名詞,固有名詞,地域,一般,*,*,ぎんやデパート,ギンヤデパート,ギンヤデパート,地域固有
楽々温泉,,,1,名詞,固有名詞,地域,一般,*,*,楽々温泉,ラクラクオンセン,ラクラクオンセン,地域固有
室蘭市中島スポーツセンター,,,1,名詞,固有名詞,地域,一般,*,*,室蘭市中島スポーツセンター,ムロランシナカジマスポーツセンター,ムロランシナカジマスポーツセンター,地域固有
中島スポーツセンター,,,1,名詞,固有名詞,地域,一般,*,*,中島スポーツセンター,ナカジマスポーツセンター,ナカジマスポーツセンター,地域固有
室蘭市高砂テニスコート,,,1,名詞,固有名詞,地域,一般,*,*,室蘭市高砂テニスコート,ムロランシタカサゴテニスコート,ムロランシタカサゴテニスコート,地域固有
高砂テニスコート,,,1,名詞,固有名詞,地域,一般,*,*,高砂テニスコート,タカサゴテニスコート,タカサゴテニスコート,地域固有
祝津公園テニスコート,,,1,名詞,固有名詞,地域,一般,*,*,祝津公園テニスコート,シュクヅコウエンテニスコート,シュクヅコウエンテニスコート,地域固有
崎守臨海公園テニスコート,,,1,名詞,固有名詞,地域,一般,*,*,崎守臨海公園テニスコート,サキモリリンカイコウエンテニスコート,サキモリリンカイコウエンテニスコート,地域固有
崎守臨海公園野球場,,,1,名詞,固有名詞,地域,一般,*,*,崎守臨海公園野球場,サキモリリンカイコウエンヤキュウジョウ,サキモリリンカイコウエンヤキュウジョウ,地域固有
室蘭市少年野球場,,,1,名詞,固有名詞,地域,一般,*,*,室蘭市少年野球場,ムロランシショウネンヤキュウジョウ,ムロランシショウネンヤキュウジョウ,地域固有
祝津公園グラウンド,,,1,名詞,固有名詞,地域,一般,*,*,祝津公園グラウンド,シュクヅコウエングラウンド,シュクヅコウエングラウンド,地域固有
室蘭市弓道場,,,1,名詞,固有名詞,地域,一般,*,*,室蘭市弓道場,ムロランシキュウドウジョウ,ムロランシキュウドウジョウ,地域固有
室蘭市B＆G海洋センター,,,1,名詞,固有名詞,地域,一般,*,*,室蘭市B＆G海洋センター,ムロランシビーアンドジーカイヨウセンター,ムロランシビーアンドジーカイヨウセンター,地域固有
湯澤神社,,,1,名詞,固有名詞,地域,一般,*,*,湯澤神社,ユサワジンジャ,ユサワジンジャ,地域固有
室蘭飛行場,,,1,名詞,固有名詞,地域,一般,*,*,室蘭飛行場,ムロランヒコウジョウ,ムロランヒコウジョウ,地域固有
大学会館,,,1,名詞,固有名詞,地域,一般,*,*,大学会館,ダイガクカイカン,ダイガクカイカン,地域固有
室蘭市立港南中学校,,,1,名詞,固有名詞,地域,一般,*,*,室蘭市立港南中学校,ムロランシリツコウナンチュウガッコウ,ムロランシリツコウナンチュウガッコウ,地域固有
創成館跡,,,1,名詞,固有名詞,地域,一般,*,*,創成館跡,ソウセイカンアト,ソウセイカンアト,地域固有
創成館,,,1,名詞,固有名詞,地域,一般,*,*,創成館,ソウセイカン,ソウセイカン,地域固有
ヘロキウパシ,,,1,名詞,固有名詞,地域,一般,*,*,ヘロキウパシ,ヘロキウパシ,ヘロキウパシ,地域固有
ホシケサンぺ,,,1,名詞,固有名詞,地域,一般,*,*,ホシケサンぺ,ホシケサンぺ,ホシケサンぺ,地域固有
絵鞆町,,,1,名詞,固有名詞,地域,一般,*,*,絵鞆町,エトモチョウ,エトモチョウ,地域固有
七段坂,,,1,名詞,固有名詞,地域,一般,*,*,七段坂,シチダンザカ,シチダンザカ,地域固有
測量山緑地,,,1,名詞,固有名詞,地域,一般,*,*,測量山緑地,ソクリョウザンリョクチ,ソクリョウザンリョクチ,地域固有
地球岬緑地,,,1,名詞,固有名詞,地域,一般,*,*,地球岬緑地,チキュウミサキリョクチ,チキュウミサキリョクチ,地域固有
ふるさとの森21公園,,,1,名詞,固有名詞,地域,一般,*,*,ふるさとの森21公園,フルサトノモリニジュウイチコウエン,フルサトノモリニジュウイチコウエン,地域固有
高砂１丁目公園,,,1,名詞,固有名詞,地域,一般,*,*,高砂１丁目公園,タカサゴイッチョウメコウエン,タカサゴイッチョウメコウエン,地域固有
八丁平南公園,,,1,名詞,固有名詞,地域,一般,*,*,八丁平南公園,ハッチョウダイラミナミコウエン,ハッチョウダイラミナミコウエン,地域固有
開運公園,,,1,名詞,固有名詞,地域,一般,*,*,開運公園,カイウンコウエン,カイウンコウエン,地域固有
中央町小公園,,,1,名詞,固有名詞,地域,一般,*,*,中央町小公園,チュウオウチョウホウコウエン,チュウオウチョウホウコウエン,地域固有
レインボー公園,,,1,名詞,固有名詞,地域,一般,*,*,レインボー公園,レインボーコウエン,レインボーコウエン,地域固有
栄町公園,,,1,名詞,固有名詞,地域,一般,*,*,栄町公園,サカエチョウコウエン,サカエチョウコウエン,地域固有
常盤公園,,,1,名詞,固有名詞,地域,一般,*,*,常盤公園,トキワコウエン,トキワコウエン,地域固有
旧室蘭駅舎公園,,,1,名詞,固有名詞,地域,一般,*,*,旧室蘭駅舎公園,キュウムロランエキシャコウエン,キュウムロランエキシャコウエン,地域固有
幕西公園,,,1,名詞,固有名詞,地域,一般,*,*,幕西公園,マクニシコウエン,マクニシコウエン,地域固有
海岸町2丁目公園,,,1,名詞,固有名詞,地域,一般,*,*,海岸町2丁目公園,カイガンチョウニチョウメコウエン,カイガンチョウニチョウメコウエン,地域固有
みなとが丘児童公園,,,1,名詞,固有名詞,地域,一般,*,*,みなとが丘児童公園,ミナトガオカジドウコウエン,ミナトガオカジドウコウエン,地域固有
清水町2丁目公園,,,1,名詞,固有名詞,地域,一般,*,*,清水町2丁目公園,シミズチョウニチョウメコウエン,シミズチョウニチョウメコウエン,地域固有
海岸町3丁目公園,,,1,名詞,固有名詞,地域,一般,*,*,海岸町3丁目公園,カイガンチョウサンチョウメコウエン,カイガンチョウサンチョウメコウエン,地域固有
母恋公園,,,1,名詞,固有名詞,地域,一般,*,*,母恋公園,ボコイコウエン,ボコイコウエン,地域固有
小橋内2丁目公園,,,1,名詞,固有名詞,地域,一般,*,*,小橋内2丁目公園,オハシナイニチョウメコウエン,オハシナイニチョウメコウエン,地域固有
小橋内緑地,,,1,名詞,固有名詞,地域,一般,*,*,小橋内緑地,オハシナイリョクチ,オハシナイリョクチ,地域固有
増市1丁目公園,,,1,名詞,固有名詞,地域,一般,*,*,増市1丁目公園,マスイチイッチョウメコウエン,マスイチイッチョウメコウエン,地域固有
母恋南町5丁目公園,,,1,名詞,固有名詞,地域,一般,*,*,母恋南町5丁目公園,ボコイミナミマチゴチョウメコウエン,ボコイミナミマチゴチョウメコウエン,地域固有
増市1丁目2号公園,,,1,名詞,固有名詞,地域,一般,*,*,増市1丁目2号公園,マスイチイッチョウメニゴウコウエン,マスイチイッチョウメニゴウコウエン,地域固有
小橋内1丁目公園,,,1,名詞,固有名詞,地域,一般,*,*,小橋内1丁目公園,オハシナイイッチョウメコウエン,オハシナイイッチョウメコウエン,地域固有
御前水公園,,,1,名詞,固有名詞,地域,一般,*,*,御前水公園,ゴゼンスイコウエン,ゴゼンスイコウエン,地域固有
港南緑地,,,1,名詞,固有名詞,地域,一般,*,*,港南緑地,コウナンリョクチ,コウナンリョクチ,地域固有
輪西駅前広場,,,1,名詞,固有名詞,地域,一般,*,*,輪西駅前広場,ワニシエキマエヒロバ,ワニシエキマエヒロバ,地域固有
絵鞆2丁目公園,,,1,名詞,固有名詞,地域,一般,*,*,絵鞆2丁目公園,エトモニチョウメコウエン,エトモニチョウメコウエン,地域固有
みゆき町公園,,,1,名詞,固有名詞,地域,一般,*,*,みゆき町公園,ミユキチョウコウエン,ミユキチョウコウエン,地域固有
絵鞆2丁目2号公園,,,1,名詞,固有名詞,地域,一般,*,*,絵鞆2丁目2号公園,エトモニチョウメニゴウコウエン,エトモニチョウメニゴウコウエン,地域固有
潮見公園,,,1,名詞,固有名詞,地域,一般,*,*,潮見公園,シオミコウエン,シオミコウエン,地域固有
旭公園,,,1,名詞,固有名詞,地域,一般,*,*,旭公園,アサヒコウエン,アサヒコウエン,地域固有
東町5丁目公園,,,1,名詞,固有名詞,地域,一般,*,*,東町5丁目公園,ヒガシマチゴチョウメコウエン,ヒガシマチゴチョウメコウエン,地域固有
東町西公園,,,1,名詞,固有名詞,地域,一般,*,*,東町西公園,ヒガシマチニシコウエン,ヒガシマチニシコウエン,地域固有
弥生公園,,,1,名詞,固有名詞,地域,一般,*,*,弥生公園,ヤヨイコウエン,ヤヨイコウエン,地域固有
港北1丁目公園,,,1,名詞,固有名詞,地域,一般,*,*,港北1丁目公園,コウホクイッチョウメコウエン,コウホクイッチョウメコウエン,地域固有
東町中央公園,,,1,名詞,固有名詞,地域,一般,*,*,東町中央公園,ヒガシマチチュウオウコウエン,ヒガシマチチュウオウコウエン,地域固有
中島4丁目公園,,,1,名詞,固有名詞,地域,一般,*,*,中島4丁目公園,ナカジマヨンチョウメコウエン,ナカジマヨンチョウメコウエン,地域固有
潮止公園,,,1,名詞,固有名詞,地域,一般,*,*,潮止公園,シオドメコウエン,シオドメコウエン,地域固有
港北なかよし公園,,,1,名詞,固有名詞,地域,一般,*,*,港北なかよし公園,コウホクナカヨシコウエン,コウホクナカヨシコウエン,地域固有
本輪西公園,,,1,名詞,固有名詞,地域,一般,*,*,本輪西公園,モトワニシコウエン,モトワニシコウエン,地域固有
中島本町公園,,,1,名詞,固有名詞,地域,一般,*,*,中島本町公園,ナカジマホンチョウコウエン,ナカジマホンチョウコウエン,地域固有
東公園,,,1,名詞,固有名詞,地域,一般,*,*,東公園,ヒガシコウエン,ヒガシコウエン,地域固有
中島小公園,,,1,名詞,固有名詞,地域,一般,*,*,中島小公園,ナカジマショウコウエン,ナカジマショウコウエン,地域固有
ひまわり公園,,,1,名詞,固有名詞,地域,一般,*,*,ひまわり公園,ヒマワリコウエン,ヒマワリコウエン,地域固有
バラ公園,,,1,名詞,固有名詞,地域,一般,*,*,バラ公園,バラコウエン,バラコウエン,地域固有
寿公園,,,1,名詞,固有名詞,地域,一般,*,*,寿公園,コトブキコウエン,コトブキコウエン,地域固有
あけぼの公園,,,1,名詞,固有名詞,地域,一般,*,*,あけぼの公園,アケボノコウエン,アケボノコウエン,地域固有
陣屋1号公園,,,1,名詞,固有名詞,地域,一般,*,*,陣屋1号公園,ジンヤイチゴウコウエン,ジンヤイチゴウコウエン,地域固有
八丁平2号公園,,,1,名詞,固有名詞,地域,一般,*,*,八丁平2号公園,ハッチョウダイラニゴウコウエン,ハッチョウダイラニゴウコウエン,地域固有
寿2丁目公園,,,1,名詞,固有名詞,地域,一般,*,*,寿2丁目公園,コトブキニチョウメコウエン,コトブキニチョウメコウエン,地域固有
楽山公園,,,1,名詞,固有名詞,地域,一般,*,*,楽山公園,ラクサンコウエン,ラクサンコウエン,地域固有
宮の森小公園,,,1,名詞,固有名詞,地域,一般,*,*,宮の森小公園,ミヤノモリショウコウエン,ミヤノモリショウコウエン,地域固有
柏木公園,,,1,名詞,固有名詞,地域,一般,*,*,柏木公園,カシワギコウエン,カシワギコウエン,地域固有
日の出町公園,,,1,名詞,固有名詞,地域,一般,*,*,日の出町公園,ヒノデチョウコウエン,ヒノデチョウコウエン,地域固有
八丁平1号公園,,,1,名詞,固有名詞,地域,一般,*,*,八丁平1号公園,ハッチョウダイライチゴウコウエン,ハッチョウダイライチゴウコウエン,地域固有
日の出町4号公園,,,1,名詞,固有名詞,地域,一般,*,*,日の出町4号公園,ヒノデチョウヨンゴウコウエン,ヒノデチョウヨンゴウコウエン,地域固有
白鳥台1丁目公園,,,1,名詞,固有名詞,地域,一般,*,*,白鳥台1丁目公園,ハクチョウダイイッチョウメコウエン,ハクチョウダイイッチョウメコウエン,地域固有
知利別4丁目公園,,,1,名詞,固有名詞,地域,一般,*,*,知利別4丁目公園,チリベツヨンチョウメコウエン,チリベツヨンチョウメコウエン,地域固有
八丁平北公園,,,1,名詞,固有名詞,地域,一般,*,*,八丁平北公園,ハッチョウダイラキタコウエン,ハッチョウダイラキタコウエン,地域固有
白鳥台1丁目3号公園,,,1,名詞,固有名詞,地域,一般,*,*,白鳥台1丁目3号公園,ハクチョウダイイッチョウメサンゴウコウエン,ハクチョウダイイッチョウメサンゴウコウエン,地域固有
白鳥台5丁目5号公園,,,1,名詞,固有名詞,地域,一般,*,*,白鳥台5丁目5号公園,ハクチョウダイゴチョウメゴゴウコウエン,ハクチョウダイゴチョウメゴゴウコウエン,地域固有
白鳥台1丁目2号公園,,,1,名詞,固有名詞,地域,一般,*,*,白鳥台1丁目2号公園,ハクチョウダイイッチョウメニゴウコウエン,ハクチョウダイイッチョウメニゴウコウエン,地域固有
日の出町1号公園,,,1,名詞,固有名詞,地域,一般,*,*,日の出町1号公園,ヒノデチョウイチゴウコウエン,ヒノデチョウイチゴウコウエン,地域固有
白鳥台5丁目4号公園,,,1,名詞,固有名詞,地域,一般,*,*,白鳥台5丁目4号公園,ハクチョウダイゴチョウメヨンゴウコウエン,ハクチョウダイゴチョウメヨンゴウコウエン,地域固有
日の出町3号公園,,,1,名詞,固有名詞,地域,一般,*,*,日の出町3号公園,ヒノデチョウサンゴウコウエン,ヒノデチョウサンゴウコウエン,地域固有
本輪西5丁目公園,,,1,名詞,固有名詞,地域,一般,*,*,本輪西5丁目公園,モトワニシゴチョウメコウエン,モトワニシゴチョウメコウエン,地域固有
日の出町2号公園,,,1,名詞,固有名詞,地域,一般,*,*,日の出町2号公園,ヒノデチョウニゴウコウエン,ヒノデチョウニゴウコウエン,地域固有
緑ケ丘公園,,,1,名詞,固有名詞,地域,一般,*,*,緑ケ丘公園,ミドリガオカコウエン,ミドリガオカコウエン,地域固有
知利別南公園,,,1,名詞,固有名詞,地域,一般,*,*,知利別南公園,チリベツミナミコウエン,チリベツミナミコウエン,地域固有
白鳥台5丁目3号公園,,,1,名詞,固有名詞,地域,一般,*,*,白鳥台5丁目3号公園,ハクチョウダイゴチョウメサンゴウコウエン,ハクチョウダイゴチョウメサンゴウコウエン,地域固有
白鳥台南公園,,,1,名詞,固有名詞,地域,一般,*,*,白鳥台南公園,ハクチョウダイミナミコウエン,ハクチョウダイミナミコウエン,地域固有
白鳥台4丁目2号公園,,,1,名詞,固有名詞,地域,一般,*,*,白鳥台4丁目2号公園,ハクチョウダイヨンチョウメニゴウコウエン,ハクチョウダイヨンチョウメニゴウコウエン,地域固有
高砂東公園,,,1,名詞,固有名詞,地域,一般,*,*,高砂東公園,タカサゴヒガシコウエン,タカサゴヒガシコウエン,地域固有
天神2号公園,,,1,名詞,固有名詞,地域,一般,*,*,天神2号公園,テンジンニゴウコウエン,テンジンニゴウコウエン,地域固有
八丁平8号公園,,,1,名詞,固有名詞,地域,一般,*,*,八丁平8号公園,ハッチョウダイラハチゴウコウエン,ハッチョウダイラハチゴウコウエン,地域固有
白鳥台2丁目4号公園,,,1,名詞,固有名詞,地域,一般,*,*,白鳥台2丁目4号公園,ハクチョウダイニチョウメヨンゴウコウエン,ハクチョウダイニチョウメヨンゴウコウエン,地域固有
白鳥台2丁目2号公園,,,1,名詞,固有名詞,地域,一般,*,*,白鳥台2丁目2号公園,ハクチョウダイニチョウメニゴウコウエン,ハクチョウダイニチョウメニゴウコウエン,地域固有
白鳥台4丁目公園,,,1,名詞,固有名詞,地域,一般,*,*,白鳥台4丁目公園,ハクチョウダイヨンチョウメコウエン,ハクチョウダイヨンチョウメコウエン,地域固有
白鳥台2丁目公園,,,1,名詞,固有名詞,地域,一般,*,*,白鳥台2丁目公園,ハクチョウダイニチョウメコウエン,ハクチョウダイニチョウメコウエン,地域固有
白鳥台5丁目公園,,,1,名詞,固有名詞,地域,一般,*,*,白鳥台5丁目公園,ハクチョウダイゴチョウメコウエン,ハクチョウダイゴチョウメコウエン,地域固有
白鳥台2丁目3号公園,,,1,名詞,固有名詞,地域,一般,*,*,白鳥台2丁目3号公園,ハクチョウダイニチョウメサンゴウコウエン,ハクチョウダイニチョウメサンゴウコウエン,地域固有
高砂３丁目公園,,,1,名詞,固有名詞,地域,一般,*,*,高砂３丁目公園,タカサゴサンチョウメコウエン,タカサゴサンチョウメコウエン,地域固有
高砂4丁目公園,,,1,名詞,固有名詞,地域,一般,*,*,高砂4丁目公園,タカサゴヨンチョウメコウエン,タカサゴヨンチョウメコウエン,地域固有
東明公園,,,1,名詞,固有名詞,地域,一般,*,*,東明公園,トウメイコウエン,トウメイコウエン,地域固有
高砂北公園,,,1,名詞,固有名詞,地域,一般,*,*,高砂北公園,タカサゴキタコウエン,タカサゴキタコウエン,地域固有
白鳥台3丁目2号公園,,,1,名詞,固有名詞,地域,一般,*,*,白鳥台3丁目2号公園,ハクチョウダイサンチョウメニゴウコウエン,ハクチョウダイサンチョウメニゴウコウエン,地域固有
白鳥台3丁目3号公園,,,1,名詞,固有名詞,地域,一般,*,*,白鳥台3丁目3号公園,ハクチョウダイサンチョウメサンゴウコウエン,ハクチョウダイサンチョウメサンゴウコウエン,地域固有
白鳥台3丁目公園,,,1,名詞,固有名詞,地域,一般,*,*,白鳥台3丁目公園,ハクチョウダイサンチョウメコウエン,ハクチョウダイサンチョウメコウエン,地域固有
高砂5丁目公園,,,1,名詞,固有名詞,地域,一般,*,*,高砂5丁目公園,タカサゴゴチョウメコウエン,タカサゴゴチョウメコウエン,地域固有
幡守公園,,,1,名詞,固有名詞,地域,一般,*,*,幡守公園,ハタモリコウエｎ,ハタモリコウエｎ,地域固有
せせらぎ公園,,,1,名詞,固有名詞,地域,一般,*,*,せせらぎ公園,セセラギコウエン,セセラギコウエン,地域固有
室蘭墓園,,,1,名詞,固有名詞,地域,一般,*,*,室蘭墓園,ムロランボエン,ムロランボエン,地域固有
うぐいす公園,,,1,名詞,固有名詞,地域,一般,*,*,うぐいす公園,ウグイスコウエン,ウグイスコウエン,地域固有
御前水1丁目公園,,,1,名詞,固有名詞,地域,一般,*,*,御前水1丁目公園,ゴゼンスイイッチョウメコウエン,ゴゼンスイイッチョウメコウエン,地域固有
母恋南町公園,,,1,名詞,固有名詞,地域,一般,*,*,母恋南町公園,ボコイミナミマチコウエン,ボコイミナミマチコウエン,地域固有
小橋内児童遊園地,,,1,名詞,固有名詞,地域,一般,*,*,小橋内児童遊園地,オハシナイジドウユウエンチ,オハシナイジドウユウエンチ,地域固有
御崎公園,,,1,名詞,固有名詞,地域,一般,*,*,御崎公園,ミサキコウエン,ミサキコウエン,地域固有
祝津緑地,,,1,名詞,固有名詞,地域,一般,*,*,祝津緑地,シュクヅリョクチ,シュクヅリョクチ,地域固有
瑞の江公園,,,1,名詞,固有名詞,地域,一般,*,*,瑞の江公園,ミズノエコウエン,ミズノエコウエン,地域固有
絵鞆3丁目公園,,,1,名詞,固有名詞,地域,一般,*,*,絵鞆3丁目公園,エトモサンチョウメコウエン,エトモサンチョウメコウエン,地域固有
室蘭民報,,,1,名詞,固有名詞,地域,一般,*,*,室蘭民報,ムロランミンポウ,ムロランミンポウ,地域固有
あぷた,,,1,名詞,固有名詞,地域,一般,*,*,あぷた,アプタ,アプタ,地域固有
工場夜景,,,1,名詞,固有名詞,地域,一般,*,*,工場夜景,コウジョウヤケイ,コウジョウヤケイ,地域固有
FMびゅー,,,1,名詞,固有名詞,地域,一般,*,*,FMびゅー,エフエムビュー,エフエムビュー,地域固有
室蘭まちづくり放送株式会社,,,1,名詞,固有名詞,地域,一般,*,*,室蘭まちづくり放送株式会社,ムロランマチヅクリホウソウカブシキガイシャ,ムロランマチヅクリホウソウカブシキガイシャ,地域固有
ビストロ・カプリーチェ,,,1,名詞,固有名詞,地域,一般,*,*,ビストロ・カプリーチェ,ビストロカプリーチェ,ビストロカプリーチェ,地域固有
市立室蘭看護専門学院,,,1,名詞,固有名詞,地域,一般,*,*,市立室蘭看護専門学院,シリツムロランカンゴセンモンガクイン,シリツムロランカンゴセンモンガクイン,地域固有
室蘭工業大学附属図書館,,,1,名詞,固有名詞,地域,一般,*,*,室蘭工業大学附属図書館,ムロランコウギョウダイガクフゾクトショカン,ムロランコウギョウダイガクフゾクトショカン,地域固有
サッカー号,,,1,名詞,固有名詞,地域,一般,*,*,サッカー号,サッカーゴウ,サッカーゴウ,地域固有
高速室蘭サッカー号,,,1,名詞,固有名詞,地域,一般,*,*,高速室蘭サッカー号,コウソクムロランサッカーゴウ,コウソクムロランサッカーゴウ,地域固有
室蘭港を愛する会,,,1,名詞,固有名詞,地域,一般,*,*,室蘭港を愛する会,ムロランコウヲアイスルカイ,ムロランコウヲアイスルカイ,地域固有
日本野鳥の会室蘭支部,,,1,名詞,固有名詞,地域,一般,*,*,日本野鳥の会室蘭支部,ニホンヤチョウノカイムロランシブ,ニホンヤチョウノカイムロランシブ,地域固有
むしゃなび,,,1,名詞,固有名詞,地域,一般,*,*,むしゃなび,ムシャナビ,ムシャナビ,地域固有
そらみ,,,1,名詞,固有名詞,地域,一般,*,*,そらみ,ソラミ,ソラミ,地域固有
のびのび公園,,,1,名詞,固有名詞,地域,一般,*,*,のびのび公園,ノビノビコウエン,ノビノビコウエン,地域固有
バルクレイドル,,,1,名詞,固有名詞,地域,一般,*,*,バルクレイドル,バルクレイドル,バルクレイドル,地域固有
仏坂,,,1,名詞,固有名詞,地域,一般,*,*,仏坂,ホトケザカ,ホトケザカ,地域固有
招魂碑,,,1,名詞,固有名詞,地域,一般,*,*,招魂碑,ショウコンヒ,ショウコンヒ,地域固有
本教寺,,,1,名詞,固有名詞,地域,一般,*,*,本教寺,ホンキョウジ,ホンキョウジ,地域固有
千歳町,,,1,名詞,固有名詞,地域,一般,*,*,千歳町,チトセチョウ,チトセチョウ,地域固有
市民健康マラソン＆ザ・駅伝,,,1,名詞,固有名詞,地域,一般,*,*,市民健康マラソン＆ザ・駅伝,シミンケンコウマラソンアンドザエキデン,シミンケンコウマラソンアンドザエキデン,地域固有
旧日本製鐵輪西製鐵所水道配水池跡,,,1,名詞,固有名詞,地域,一般,*,*,旧日本製鐵輪西製鐵所水道配水池跡,キュウニホンセイテツワニシセイテツジョスイドウハイスイチアト,キュウニホンセイテツワニシセイテツジョスイドウハイスイチアト,地域固有
イヨシサンペ,,,1,名詞,固有名詞,地域,一般,*,*,イヨシサンペ,イヨシサンペ,イヨシサンペ,地域固有
鍋島山,,,1,名詞,固有名詞,地域,一般,*,*,鍋島山,ナベシマヤマ,ナベシマヤマ,地域固有
新日鐡住金球場,,,1,名詞,固有名詞,地域,一般,*,*,新日鐡住金球場,シンニッテツスミキンキュウジョウ,シンニッテツスミキンキュウジョウ,地域固有
本輪西貝塚,,,1,名詞,固有名詞,地域,一般,*,*,本輪西貝塚,モトワニシカイヅカ,モトワニシカイヅカ,地域固有
伊酒屋かっちゃん,,,1,名詞,固有名詞,地域,一般,*,*,伊酒屋かっちゃん,イザカヤカッチャン,イザカヤカッチャン,地域固有
北洋銀行,,,1,名詞,固有名詞,地域,一般,*,*,北洋銀行,ホクヨウギンコウ,ホクヨウギンコウ,地域固有
空襲・艦砲射撃慰霊碑,,,1,名詞,固有名詞,地域,一般,*,*,空襲・艦砲射撃慰霊碑,キュウシュウカンポウシャゲキイレイヒ,キュウシュウカンポウシャゲキイレイヒ,地域固有
エニ山,,,1,名詞,固有名詞,地域,一般,*,*,エニ山,エニヤマ,エニヤマ,地域固有
為せば鳴る蘭の鐘,,,1,名詞,固有名詞,地域,一般,*,*,為せば鳴る蘭の鐘,ナセバナルランノカネ,ナセバナルランノカネ,地域固有
NPO法人羅針盤,,,1,名詞,固有名詞,地域,一般,*,*,NPO法人羅針盤,エヌピーオーホウジンラシンバン,エヌピーオーホウジンラシンバン,地域固有
室蘭港中央ふ頭,,,1,名詞,固有名詞,地域,一般,*,*,室蘭港中央ふ頭,ムロランコウチュウオウフトウ,ムロランコウチュウオウフトウ,地域固有
中央ふ頭,,,1,名詞,固有名詞,地域,一般,*,*,中央ふ頭,チュウオウフトウ,チュウオウフトウ,地域固有
中央埠頭,,,1,名詞,固有名詞,地域,一般,*,*,中央埠頭,チュウオウフトウ,チュウオウフトウ,地域固有
熊野神社,,,1,名詞,固有名詞,地域,一般,*,*,熊野神社,クマノジンジャ,クマノジンジャ,地域固有
地酒・本格焼酎うえだ,,,1,名詞,固有名詞,地域,一般,*,*,地酒・本格焼酎うえだ,ジザケホンカクショウチュウウエダ,ジザケホンカクショウチュウウエダ,地域固有
撮りフェス2016,,,1,名詞,固有名詞,地域,一般,*,*,撮りフェス2016,トリフェスニセンジュウロク,トリフェスニセンジュウロク,地域固有
撮りフェス,,,1,名詞,固有名詞,地域,一般,*,*,撮りフェス,トリフェス,トリフェス,地域固有
Cafe梟,,,1,名詞,固有名詞,地域,一般,*,*,Cafe梟,カフェフクロウ,カフェフクロウ,地域固有
雲上閣,,,1,名詞,固有名詞,地域,一般,*,*,雲上閣,ウンジョウカク,ウンジョウカク,地域固有
寿ニュータウン,,,1,名詞,固有名詞,地域,一般,*,*,寿ニュータウン,コトブキニュータウン,コトブキニュータウン,地域固有
日の出ニュータウン,,,1,名詞,固有名詞,地域,一般,*,*,日の出ニュータウン,ヒノデニュータウン,ヒノデニュータウン,地域固有
共生舎・スタディラウンジむろらん,,,1,名詞,固有名詞,地域,一般,*,*,共生舎・スタディラウンジむろらん,キョウセイシャスタディラウンジムロラン,キョウセイシャスタディラウンジムロラン,地域固有
成徳中学校,,,1,名詞,固有名詞,地域,一般,*,*,成徳中学校,セイトクチュウガッコウ,セイトクチュウガッコウ,地域固有
室蘭市立成徳中学校,,,1,名詞,固有名詞,地域,一般,*,*,室蘭市立成徳中学校,ムロランシリツセイトクチュウガッコウ,ムロランシリツセイトクチュウガッコウ,地域固有
クロソイ,,,1,名詞,固有名詞,地域,一般,*,*,クロソイ,クロソイ,クロソイ,地域固有
みるく亭,,,1,名詞,固有名詞,地域,一般,*,*,みるく亭,ミルクテイ,ミルクテイ,地域固有
ウレシパサロン,,,1,名詞,固有名詞,地域,一般,*,*,ウレシパサロン,ウレシパサロン,ウレシパサロン,地域固有
真井商店,,,1,名詞,固有名詞,地域,一般,*,*,真井商店,サナイショウテン,サナイショウテン,地域固有
